"NR","NR collegato","Relazione","Sala mostra","Didascalia","Riproduzione digitale","Consistenza","Tipologia documentaria","Tecnica","Tipologia riprod. in mostra","Soggetti","Titolo originale","Titolo museale","Titolo @en","Data","Scopritore","Autore","Traduttore","Disegnatore","Incisore","Editore","Luogo editore","Preparatore museale","Committente","Tipologia opera parente","Titolo opera parente","Volume","Collezione","Ente conservatore","Luogo conservazione","Collocazione","Fonte","Immagine digitale","Iconografia"
"1","","","1","Carta nautica\n Nautical chart\n Grazioso Benincasa, sec. XV\n BUB, Rotulo 3","","","Carta Nautica","Disegno","Carta Nautica","Europa [Europe]; Africa [Africa]; Asia [Asia]; Mar Mediterraneo [Mediterranean Sea]","Carta nautica @ita","Carta nautica","Nautical chart","1482","","Grazioso Benincasa (ulan:500114874)","","Grazioso Benincasa (ulan:500114874)","","","","","Raffaelo Riario (viaf:25474452)","","","","","Biblioteca Universitaria di Bologna","Bologna","Rotulo 3","","Https://it.wikipedia.org/wiki/grazioso_benincasa#/media/file:grazioso_benincasa._biblioteca_universitaria,_bolonia.1482.jpg",""
"2","","","1","Panthera leo (Linnaeus, 1758)\n Diorama con tre leoni tassidermizzati\n Diorama with three taxidermized lions\n Manifattura Rowland Ward - Londra, inizio sec. XX – early 20th century\n Bologna, Collezione di Zoologia, Sistema Museale di Ateneo","","","Diorama","Tassidermia","Diorama","leone [lion]","","Panthera leo (Linnaeus, 1758)","Lion (Linnaeus, 1758)","1900-1930","Carl Von Linné (viaf:34594730)","James Rowland Ward (viaf:60497939)","","","","","","","","","","","Collezione di Zoologia","Sistema Museale di Ateneo di Bologna","Bologna","","","",""
"3","","","1","Aristoteles\n De historia animalium\n Lib. 9\n Venezia, Girolamo Scoto, 1545\n BUB, A.v.gg.vii.28","","","Volume A Stampa","Stampa Tipografica","Volume A Stampa","biologia [biology]","De historia animalium @lat","De historia animalium","The history of animals","1545","","Aristotele (ulan:500259120)","","","","Girolamo Scoto (viaf:13137489)","","","","Serie Di Volumi A Stampa","De historia animalium","9","","Biblioteca Universitaria di Bologna","Bologna","A.v.gg.vii.28","","",""
"4","","","1","Theophrastus\n Peri phyton (De historia plantarum)\n In Aristoteles, Opera, Vol. 4\n Venezia, Aldo Manuzio, 1497\n ISTC Ia00959000 BUB, A.v.kk.x.6","","","Volume A Stampa","Stampa Tipografica","Volume A Stampa","botanica [botany]","De historia plantarum @lat","De historia plantarum","The history of plants","1497","","Teofrasto (viaf:265397758)","","","","Aldo Manuzio (viaf:96325760)","","","","Incunabolo","Opera (istc:ia00959000)","4","","Biblioteca Universitaria di Bologna","Bologna","A.v.kk.x.6","Https://data.cerl.org/istc/ia00959000 Https://data.cerl.org/mei/02133227","",""
"5","","","1","Dioscorides Pedanius\n De medica materia\n Firenze, Filippo Giunta Eredi, 1523\n BUB, A.iv.h.i.27","","","Erbario","Stampa Tipografica","Erbario","erbe medicinali [medicinal herbs]","De medica materia @lat","De medica materia","On medical material","1523","","Dioscorides Pedanius (viaf:78822798)","","","","Filippo Giunta (viaf:79080779)","Firenze","","","","","","","Biblioteca Universitaria di Bologna","Bologna","A.iv.h.i.27","","",""
"6","","","1","Plinius Secundus Gaius\n Naturae historiarum\n Venezia, Giorgio Rusconi, 1519\n BUB, A.v.r.vi.9","","","Volume A Stampa","Stampa Tipografica","Volume A Stampa","medicina [medicine]; botanica [botany]","Naturae historiarum @lat","Naturae historiarum","The natural history","1519","","Gaius Plinius Secundus (viaf:100219162)","","","","Giorgio Rusconi (viaf:36501174)","Venezia","","","","","","","Biblioteca Universitaria di Bologna","Bologna","A.v.r.vi.9","","",""
"7","","","1","Profilo incompleto delle coste del continente americano\n Incomplete coastal profile of the American continent\n In Battista Agnese, Atlante nautico, sec. XVI\n 16th century\n BUB, Ms. 997","","","Carta Nautica","Disegno","Carta Nautica","America [America]; Europa [Europe]","Profilo incompleto delle coste del continente americano @ita","Profilo incompleto delle coste del continente americano","Incomplete coastal profile of the American continent","1500-1599","","Battista Agnese (ulan:500048088)","","Battista Agnese (ulan:500048088)","","","","","Alfonso II d'Este (viaf:27142287)","Atlante Nautico","Atlante nautico","","","Biblioteca Universitaria di Bologna","Bologna","Ms. 997","Http://www.rmoa.unina.it/4532/1/_sd%202016%20baumgaertner_battista%20agnese_20160215.pdf","",""
"8","","","1","Mappa di Cusco\n Map of Cusco\n In Giovanni Battista Ramusio, Delle navigationi et viaggi\n Venezia, Giunta, 1556\n BUB, A.iv.p.i.14/3","","","Carta Nautica","Stampa","Carta Nautica","America [America]; Perù [Peru]; Cusco [Cusco]","Mappa di Cusco @ita","Mappa di Cusco","Map of Cusco","1556","","Giovanni Battista Ramusio (viaf:68943129)","","","","Filippo Giunta (viaf:79080779)","Firenze","","","Volume A Stampa","Delle navigationi et viaggi","","","Biblioteca Universitaria di Bologna","Bologna","A.iv.p.i.14/3","Https://commons.wikimedia.org/wiki/file:1565_cusco_ramusio_delle_navigationi_vol3_pp411-412.png; Https://collections.library.yale.edu/catalog/2030955;","Https://upload.wikimedia.org/wikipedia/commons/b/b4/1565_cusco_ramusio_delle_navigationi_vol3_pp411-412.png",""
"9","","","1","Pietro Martire d’Anghiera\n De orbo novo\n Alcalà de Henares, de Eguia Miguel, 1530\n BUB, A.m.c.v.2","","","Volume A Stampa","Stampa Tipografica","Volume A Stampa","America [America]","De orbo novo @lat","De orbo novo","On the new world","1530","","Pietro Martire D'Anghiera (viaf:68967770)","","","","Miguel De Eguía (viaf:99748920)","Alcalà de Henares","","","","","","","Biblioteca Universitaria di Bologna","Bologna","A.m.c.v.2","Https://openlibrary.org/books/ol861815m/de_orbe_nouo_petri_martyris_ab_angleria_mediolanensis_protonotarij_c_a_esaris_senatoris_decades.","Https://openlibrary.org/books/ol861815m/de_orbe_nouo_petri_martyris_ab_angleria_mediolanensis_protonotarij_c_a_esaris_senatoris_decades.",""
"10","","","1","Josè De Acosta\n Historia naturale e morale delle Indie\n Venezia, Bernardo Basa, 1596\n BUB, A.m.rr.i.33","","","Volume A Stampa","Stampa Tipografica","Volume A Stampa","America [America]; fauna [fauna]; flora [flora]","Historia naturale, e morale delle Indie @ita","Historia naturale, e morale delle Indie","Natural and moral history of the Indies","1596","","José De Acosta (viaf:2465365)","","","","Bernardo Basa (viaf:29690263)","Venezia","","","","","","","Biblioteca Universitaria di Bologna","Bologna","A.m.rr.i.33","Https://it.wikipedia.org/wiki/de_orbe_novo","",""
"11","","","1","Tabacco\n Tobacco\n In Nicolas Monardes, Simplicium medicamentorum ex novo orbe delatorum, Anversa, Christopher Plantin, 1579\n BUB, A.iv.g.ix.5/2","","","Stampa","Stampa Tipografica","Volume A Stampa","flora [flora]; America [America]","Tabacco @ita","Tabacco","Tobacco","1579","","Nicolás Monardes (viaf:100203985)","","","","Christophe Plantin (viaf:120696841)","Anversa","","","Volume A Stampa","Simplicium medicamentorum ex novo orbe delatorum","","","Biblioteca Universitaria di Bologna","Bologna","A.iv.g.ix.5/2","Https://www.biodiversitylibrary.org/bibliography/75184","Https://bibdigital.rjb.csic.es/records/item/13790-redirection",""
"12","","","1","Panthera onca (Linnaeus, 1758)\n Esemplare tassidermizzato di giaguaro\n Taxidermized specimen of jaguar\n sec. XXI\n 21st century\n Pisa, preparatore Naturaliter","","","Specimen","Tassidermia","Specimen","giaguaro [jaguar]","","Panthera onca (Linnaeus, 1758)","Jaguar (Linnaeus, 1758)","1758","Carl Von Linné (viaf:34594730)","","","","","","Pisa","Naturaliter","","","","","Collezione di Zoologia","Sistema Museale di Ateneo di Bologna","Bologna","","Https://it.wikipedia.org/wiki/panthera_onca","",""
"13","","","1","Pharomachrus mocinno (De La Llave, 1832)\n Quetzal o trogone\n Splendido quetzal, trogon\n Bologna, Collezione di Zoologia, Sistema Museale di Ateneo","","","Specimen","Tassidermia","Specimen","quetzal [quetzal]","","Pharomachrus mocinno (De La Llave, 1832)","Resplendent quetzal (De La Llave, 1832)","1832","Pablo De La Llave (viaf:6044314)","","","","","","","","","","","","Collezione di Zoologia","Sistema Museale di Ateneo di Bologna","Bologna","","Https://it.wikipedia.org/wiki/pharomachrus_mocinno","",""
"14","","","1","Limulus polyphemus (Linnaeus, 1758)\n Limulo o granchio ferro di cavallo\n Limulus\n Bologna, Collezione di Anatomia Comparata, Sistema Museale di Ateneo","","","Specimen","Tassidermia","Specimen","granchio [crab]","","Limulus polyphemus (Linnaeus, 1758)","Atlantic horseshoe crab (Linnaeus, 1758)","1758","Carl Von Linné (viaf:34594730)","","","","","","","","","","","","Collezione di Anatomia Comparata","Sistema Museale di Ateneo di Bologna","Bologna","","Https://it.wikipedia.org/wiki/limulus_polyphemus","",""
"15","","","1","Ctenosaura similis (Gray, 1831)\n Esemplare tassidermizzato di iguana\n Taxidermized specimen of iguana\n Bologna, Collezione di Zoologia, Sistema Museale di Ateneo","","","Specimen","Tassidermia","Specimen","iguana [iguana]","","Ctenosaura similis (Gray, 1831)","Black spiny-tailed iguana (Gray, 1831)","1831","John Edward Gray (viaf:32135239)","","","","","","","","","","","","Collezione di Zoologia","Sistema Museale di Ateneo di Bologna","Bologna","","Https://en.wikipedia.org/wiki/ctenosaura_similis","",""
"16","","","1","Ara macao (Linnaeus, 1758)\n Ara scarlatta\n Scarlet macaw\n Bologna, Collezione di Zoologia, Sistema Museale di Ateneo","","","Specimen","Tassidermia","Specimen","pappagallo [parrot]","","Ara macao (Linnaeus, 1758)","Scarlet macaw (Linnaeus, 1758)","1758","Carl Von Linné (viaf:34594730)","","","","","","","","","","","","Collezione di Zoologia","Sistema Museale di Ateneo di Bologna","Bologna","","Https://it.wikipedia.org/wiki/ara_macao","",""
"17","","","1","Ramphastos toco (Statius Müller, 1776)\n Tucano toco toco\n Toucan\n Bologna, Collezione di Zoologia, Sistema Museale di Ateneo","","","Specimen","Tassidermia","Specimen","tucano [toucan]","","Ramphastos toco (Statius Müller, 1776)","Toco toucan (Statius Müller, 1776)","1776","Philipp Ludwig Statius Müller (viaf:18096264)","","","","","","","","","","","","Collezione di Zoologia","Sistema Museale di Ateneo di Bologna","Bologna","","Https://it.wikipedia.org/wiki/ramphastos_toco","",""
"18","","","1","Meleagris gallopavo (Linnaeus, 1758)\n Esemplare tassidermizzato di tacchino selvatico\n Taxidermized specimen of wild turkey\n Bologna, Collezione di Zoologia, Sistema Museale di Ateneo","","","Specimen","Tassidermia","Specimen","tacchino [turkey]","","Meleagris gallopavo (Linneaus, 1758)","Wild turkey (Linneaus, 1758)","1758","Carl Von Linné (viaf:34594730)","","","","","","","","","","","","Collezione di Zoologia","Sistema Museale di Ateneo di Bologna","Bologna","","Https://it.wikipedia.org/wiki/meleagris_gallopavo","",""
"19","","","1","Dasypus novemcinctus (Linnaeus, 1757)\n Armadillo\n Armadillo\n Bologna, Collezione di Zoologia, Sistema Museale di Ateneo","","","Specimen","Tassidermia","Specimen","armadillo [armadillo]","","Dasypus novemcinctus (Linnaeus, 1757)","Armadillo (Linnaeus, 1757)","1757","Carl Von Linné (viaf:34594730)","","","","","","","","","","","","Collezione di Zoologia","Sistema Museale di Ateneo di Bologna","Bologna","","Https://it.wikipedia.org/wiki/dasypus_novemcinctus","",""
"20","","","1","Codice Cospi, manoscritto divinatorio mesoamericano\n Codex Cospi, mesoamerican divination manuscript\n sec. XV-XVI\n 15th-16th century\n BUB, Ms. 4093[am2]","https://editions.pure3d.eu/project/14/edition/1/index.html","","Codice Manoscritto","Disegno","Codice Manoscritto","divinazione [divination]; calendario azteco [Aztec calendar]","Codice Cospi @ita","Codice Cospi","Codex Cospi","1400-1520","","","","","","","","","","","","","","Biblioteca Universitaria di Bologna","Bologna","Ms. 4093[am2]","Https://bub.unibo.it/it/bub-digitale/il-codice-cospi#:~:text=il%20codice%20cospi%20(bub%2c%20ms,di%20puebla%2c%20nel%20messico%20centrale.","Https://bub.unibo.it/it/bub-digitale/il-codice-cospi/bub_ms4093_cospi?view=imageview&manifest=https%3a%2f%2fbub.unibo.it%2fiiif%2f2%2fmanifest%2fbub%2fmanoscritti%2fbub_ms4093_cospi.json&canvas=https%3a%2f%2fbub.unibo.it%2fiiif%2f2%2fcanvas%2fbub%40manoscritti%40bub_ms4093_cospi%4049ed0574103095c4af1add7e9513620fb22744eb-bub_ms4093_000001-recto_piatto_anteriore.jp2.json",""
"21","","","1","Ritratto di Ulisse Aldrovandi\n Portrait of Ulisse Aldrovandi\n Agostino Carracci, olio su tela/oil on canvas,[am3]\n 1582-1585\n Bergamo, Accademia Carrara","","","Dipinto","Olio Su Tela","Dipinto","Ulisse Aldrovandi [Ulisse Aldrovandi]","Ritratto di Ulisse Aldrovandi @ita","Ritratto di Ulisse Aldrovandi","Portrait of Ulisse Aldrovandi","1582-1585","","Agostino Carracci (ulan:500115349)","","Agostino Carracci (ulan:500115349)","","","","","","","","","","Accademia Carrara","Bergamo","0302024396 (codice Catalogo Nazionale)","Https://catalogo.beniculturali.it/detail/historicorartisticproperty/0302024396","Http://www.sigecweb.beniculturali.it/images/fullsize/iccd1024624/iccd11388942_oa-c0050-00638_01.jpg",""
"22","","","2","Dioscorides Pedanius\n De plantis epitome utilissima\n Francoforte sul Meno, Johann Feyerabend, 1586\n Bologna, Biblioteca del Dipartimento di Scienze Biologiche, Geologiche e Ambientali, Fondo storico Bertoloni[am4]","","","Stampa","Acquerello","Volume A Stampa","erbe [herbs]; botanica [botany]","De plantis epitome utilissima @lat","De plantis epitome utilissima","A highly useful compendium of plants","1586","","Dioscorides Pedanius (viaf:78822798)","Pietro Andrea Mattioli (viaf:61549376)","Pietro Andrea Mattioli (viaf:61549376)","","Johann Feyrabend (viaf:2399145857094322922033)","Francoforte sul Meno","","","Volume A Stampa","De materia medica","","Fondo storico Bertoloni","Biblioteca del Dipartimento di Scienze Biologiche, Geologiche e Ambientali di Bologna","Bologna","Bov 1094 Bertoloni 7 M 12","Https://bigea.unibo.it/it/biblioteca/collezioni/fondi-antichi-miscellanee-e-fondi-archivistici/unibo.tiles.multi.links_attachments/b6e61f4b6d194827a308794387d0bbf6/@@objects-download/b9bbcce0c62046f39d751986010fb8c7/file/catalogo%20antichi%20bigea%20bio.pdf","Https://archive.org/details/biusante_07755x01/page/n221/mode/2up",""
"24","","","2","Mappa dell’Orto Botanico di Padova\n Map of the Botanical Garden in Padua\n In Giacomo Antonio Cortusi, L’horto de i semplici di Padoua\n Venezia, Girolamo Porro, 1591\n BUB, A.v.tab.i.c.i.278/5","","","Mappa","Incisione","Mappa","orto botanico [botanical garden]; Padova [Padua]","Mappa dell’Orto Botanico di Padova @ita","Mappa dell’Orto Botanico di Padova","Map of the Botanical Garden in Padua","1591","","","","Giacomo Antonio Cortusi (viaf:83611007)","Girolamo Porro (viaf:73994407)","Girolamo Porro (viaf:73994407)","Venezia","","","Volume A Stampa","L’horto de i semplici di Padoua","","","Biblioteca Universitaria di Bologna","Bologna","A.v.tab.i.c.i.278/5","","Https://www.apartmentspadova.it/wp-content/uploads/orto_botanico-padova_pianta-768x745.jpg",""
"25","","","2","Mappa dell’Orto Botanico di Bologna\n Map of the Botanical Garden in Bologna\n In Giuseppe Monti, Indices botanici et materiae medicae\n Bologna, Lelio Dalla Volpe[am6], 1753\n Bologna, Orto Botanico ed Erbario, Sistema Museale di Ateneo","","","Mappa","Incisione","Mappa","orto botanico [botanical garden]; Bologna [Bologna]","Mappa dell’Orto Botanico di Bologna @ita","Mappa dell’Orto Botanico di Bologna","Map of the Botanical Garden in Bologna","1753","","Giuseppe Monti (viaf:54929912)","","","","Lelio Dalla Volpe (viaf:229161781)","Bologna","","","Volume A Stampa","Indices botanici et materiae medicae","","","Orto Botanico ed Erbario di Bologna","Bologna","","Https://www.worldcat.org/it/title/indices-botanici-et-materiae-medicae-quibus-plantarum-genera-hactenus-instituta-summatim-recensuntur-accedit-horti-publici-bononiensis-brevis-historia/oclc/312292969; Https://www.martayanlan.com/pages/books/1236/gaetano-monti/indices-botanici-et-materiae-medicae-quibus-plantarum-genera-hactenus-instituta-simplicium","Https://www.martayanlan.com/pictures/thumb/1236_2.jpg?v=1561386348",""
"26","","","2","Chrysanthemi\n Girasole\n Sunflower\n sec. XVI\n 16th century\n BUB, Ms. Aldrovandi, Tavole di piante, fiori e frutti\n Vol. 1, Carta 76","","","Volume Manoscritto","Disegno","Volume Manoscritto","girasole [sunflower]","","Chrysanthemi","Sunflower","1500-1599","","Ulisse Aldrovandi (viaf:100190422)","","","","","","","","Volume Manoscritto","Tavole di piante, fiori e frutti","1","","Biblioteca Universitaria di Bologna","Bologna","Ms. Aldrovandi, Tavole di piante, fiori e frutti Vol. 1, Carta 76","","Https://scontent.fmxp10-1.fna.fbcdn.net/v/t1.6435-9/67104730_579833669088237_2745322441105473536_n.jpg?_nc_cat=102&ccb=1-7&_nc_sid=730e14&_nc_ohc=xoumxr-60poax-jlv5a&_nc_ht=scontent.fmxp10-1.fna&oh=00_afakz2b_auq93lponurc7ilmcikdviwy5entnktcpdhmng&oe=6455fc3e",""
"28","","","2","Anatomia del pollo\n Anatomy of a chicken\n In Ulisse Aldrovandi, Ornithologiae hoc est de avibus historiae\n Libri XII, Vol. 2\n Bologna, Francesco de Franceschi Senese, 1603\n BUB, A.iv.h.iii.8/2","","","Stampa","Stampa Tipografica","Volume A Stampa","pollo [chicken]; anatomia [anatomy]","Anatomia del pollo @ita","Anatomia del pollo","Anatomy of a chicken","1603","","Ulisse Aldrovandi (viaf:100190422)","","","","Francesco De Franceschi (viaf:136008689)","","","","Volume A Stampa","Ornithologiae hoc est de avibus historiae libri XII","2","","Biblioteca Universitaria di Bologna","Bologna","A.iv.h.iii.8/2","","",""
"29","","","2","Pulcino dentro il guscio\n Chick in an eggshell\n sec. XVI\n 16th century\n BUB, Ms. Aldrovandi, Tavole di animali, Vol. 3, Carta 159","","","Tavola Manoscritta","Disegno","Tavola Manoscritta","pulcino [chick]; anatomia [anatomy]","Pulcino dentro il guscio @ita","Pulcino dentro il guscio","Chick in an eggshell","1500-1599","","Ulisse Aldrovandi (viaf:100190422)","","","","","","","","Volume A Stampa","Tavole di animali","3","","Biblioteca Universitaria di Bologna","Bologna","Ms. Aldrovandi, Tavole di animali, Vol. 3, Carta 159","","",""
"30","","","2","Cygnus olor (Gmelin, 1789)\n Preparato tassidermizzato di cigno reale\n Taxidermized mount of a mute swan\n Preparatore Fabrizio Cancelli, 1981, Museo di Storia Naturale dell’Accademia dei Fisiocritici di Siena","","","Modello","Tassidermia","Modello","cigno [swan]; anatomia [anatomy]","","Cygnus olor (Gmelin, 1789)","Mute swan (Gmelin, 1789)","1981","Johann Friedrich Gmelin (viaf:3267149296234680670008)","","","","","","","Cancelli, Fabrizio","","","","","","Museo di Storia Naturale dell’Accademia dei Fisiocritici di Siena","Siena","","","",""
"31","","","2","Cigno sezionato\n Dissected swan\n In Ulisse Aldrovandi, Ornithologiae hoc est de avibus historiae\n Libri XII, Vol. 3\n Bologna, Francesco de Franceschi Senese, 1603\n BUB, A.iv.h.iii.8/3","","","Stampa","Stampa Tipografica","Volume A Stampa","cigno [swan]; anatomia [anatomy]","Cigno sezionato @ita","Cigno sezionato","Dissected swan","1603","","Ulisse Aldrovandi (viaf:100190422)","","","","Francesco De Franceschi (viaf:136008689)","","","","Volume A Stampa","Ornithologiae hoc est de avibus historiae libri XII","3","","Biblioteca Universitaria di Bologna","Bologna","A.iv.h.iii.8/3","","",""
"32","","","2","Essere umano ermafrodita\n Human hermaphrodite (Monstrum humanum hermaphroditicum)\n sec. XVI\n 16th century\n BUB, Ms. Aldrovandi, Tavole di animali, Vol. 5, Carta 86","","","Tavola Manoscritta","Disegno","Tavola Manoscritta","ermafrodita [hermaphrodite]","Essere umano ermafrodita @ita","Essere umano ermafrodita","Human hermaphrodite","1500-1599","","Ulisse Aldrovandi (viaf:100190422)","","","","","","","","Volume A Stampa","Tavole di animali","5","","Biblioteca Universitaria di Bologna","Bologna","Ms. Aldrovandi, Tavole di animali, Vol. 5, Carta 86","","",""
"33","","","2","Lodoicea maldivica (J. F. Gmel.)\n Pers. seme di coco de mer\n Seed of sea coconut\n sec. XVI\n 16th century\n Bologna, Collezione Ulisse Aldrovandi, Museo di Palazzo Poggi[am7] [smf8] [am9], Sistema Museale di Ateneo","","","Specimen","Essiccatura","Specimen","noce di cocco [coconut]","","Lodoicea maldivica","Sea coconut","1500-1599","Johann Friedrich Gmelin (viaf:3267149296234680670008) ; Christiaan Hendrik Persoon (viaf:73908138)","","","","","","","","","","","","Collezione Ulisse Aldrovandi","Museo di Palazzo Poggi","Bologna","","","",""
"34","","","2","Chimaera monstrosa (Linnaeus, 1758)\n Centrina\n Rabbit fish\n sec. XVI\n 16th century\n Bologna, Collezione Ulisse Aldrovandi, Museo di Palazzo Poggi, Sistema Museale di Ateneo","","","Specimen","Tassidermia","Specimen","centrina [spiny dogfish]; falso [fake]; mostro [monster]","","Chimaera monstrosa (Linnaeus, 1758)","Rabbit fish (Linnaeus,1758)","1500-1599","Carl Von Linné (viaf:34594730)","","","","","","","","","","","","Collezione Ulisse Aldrovandi","Museo di Palazzo Poggi","Bologna","","","",""
"35","","","2","Basilisco\n Basilisk\n Francesco Calceolarin, sec. XVII\n 17th century\n Collezione E. de Betta, Museo di Storia Naturale di Verona","","","Modello","Scultura","Modello","basilisco [basilisk]; mostro [monster]","Basilisco @ita","Basilisco","Basilisk","1600-1699","","Francesco Calzolari (viaf:52741381)","","","","","","","","","","","Collezione E. de Betta","Museo di Storia Naturale di Verona","Verona","","","",""
"36","","","2","Ciclope\n Cyclops\n In Ulisse Aldrovandi, Monstruorum historia\n Bologna, Nicolò Tebaldini, 1642\n BUB, A.iv.h.iii.11/11","","","Volume A Stampa","Stampa Tipografica","Volume A Stampa","mostro [monster]; ciclope [cyclops]; monocolo [one-eyed]","Ciclope @ita","Ciclope","Cyclops","1642","","Ulisse Aldrovandi (viaf:100190422)","","","","Nicolò Tebaldini (viaf:203106596)","Bologna","","","Volume A Stampa","Monstruorum historia","","","Biblioteca Universitaria di Bologna","Bologna","A.iv.h.iii.11/11","","",""
"37","","","2","Tavola [mc10] [am11] con monocolo\n Table with “mono-ocular”\n Model[am12]\n sec. XVIII\n 18th century\n Bologna, Collezione di Ostetricia, Museo di Palazzo Poggi, Sistema Museale di Ateneo","","","Modello","Modellazione Cera","Modello","neonato [newborn]; monocolo [one-eyed]; mostro [monster]","Tavola con monocolo @ita","Tavola con monocolo","Table with monocular model","1700-1799","","Tarsizio Riviera (viaf:263904234)","","","","","","","","","","","Collezione di Ostetricia","Museo di Palazzo Poggi","Bologna","","","",""
"38","","","2","Doppia testa di vitello\n Heads of a two-headed calf (Caput geminum vituli)\n sec. XVI\n 16th century\n BUB, Ms. Aldrovandi, Tavole di animali, Vol. 1, Carta 89","","","Tavola Manoscritta","Disegno","Tavola Manoscritta","vitello [calf]; mostro [monster]","Doppia testa di vitello @ita","Doppia testa di vitello","Heads of a two-headed calf","1500-1599","","Ulisse Aldrovandi (viaf:100190422)","","","","","","","","Volume A Stampa","Tavole di animali","1","","Biblioteca Universitaria di Bologna","Bologna","Ms. Aldrovandi, Tavole di animali, Vol. 1, Carta 89","","",""
"39","","","2","Bos taurus (Linnaeus, 1758)\n Preparato di giovane bovino con malformazione teratologica\n Taxidermy mount of a young bovine with teratologic malformation\n Ozzano dell'Emilia, Collezione di Anatomia Patologica e Teratologia Veterinaria “Alessandrini - Ercolani”, Sistema Museale di Ateneo","","","Specimen","Tassidermia","Specimen","vitello [calf]; mostro [monster]","","Bos taurus (Linnaeus, 1758)","Cattle (Linnaeus, 1758)","","Carl Von Linné (viaf:34594730)","","","","","","","","","","","","Collezione di Anatomia Patologica e Teratologia Veterinaria “Alessandrini - Ercolani”","Sistema Museale di Ateneo di Bologna","Ozzano dell'Emilia","","","",""
"40","","","2","Monodon monoceros (Linnaeus, 1758)\n Dente di narvalo\n Narwhal tusk\n sec. XVII\n 17th century\n Bologna, Collezione Cospi, Museo di Palazzo Poggi, Sistema Museale di Ateneo","","","Specimen","Tassidermia","Specimen","dente [tooth]; narvalo [narwhal]","","Monodon monoceros (Linnaeus, 1758)","Narwhal (Linnaeus, 1758)","1600-1699","Carl Von Linné (viaf:34594730)","","","","","","","","","","","","Collezione Cospi","Museo di Palazzo Poggi","Bologna","","","",""
"41","","","2","Orcio per teriaca [am13]\n Vase used for theriac\n 1728\n Bologna, Musei Civici d'Arte Antica, Museo Medievale[am14]","","","Vaso","Pittura Su Vaso","Vaso","vipera [viper]; medicina [medicine]","","Orcio per teriaca","Vase used for theriac","1728","","","","","","","","","","","","","","Museo Civico Medievale di Bologna","Bologna","","","",""
"42","","","2","Cerastes serpens e ammodites\n Vipera cornuta e vipera del corno\n Desert horned viper and vipera ammodytes\n sec. XVI\n 16th century\n BUB, Ms. Aldrovandi, Tavole di animali, Vol. 4, Carta 132","http://hdl.handle.net/20.500.14008/78070","","Tavola Manoscritta","Disegno","Tavola Manoscritta","vipera [viper]","Cerastes serpens e ammodites @lat","Cerastes serpens e ammodites","Desert horned viper and vipera ammodytes","1500-1599","","Ulisse Aldrovandi (viaf:100190422)","","Ulisse Aldrovandi (viaf:100190422)","","","","","","Volume A Stampa","Tavole di animali","4","","Biblioteca Universitaria di Bologna","Bologna","Ms. Aldrovandi, Tavole di animali, Vol. 4, Carta 132","","",""
"43","","","3","Hortus sanitatis\n Venezia, Bernardino Benali e Giovanni Tacuino, 1511\n Bologna, Biblioteca del Dipartimento di Scienze Biologiche, Geologiche e Ambientali, Fondo storico Bertoloni[am1]","","","Volume A Stampa","Stampa Tipografica","Volume A Stampa","narciso [narcissus]","Hortus sanitatis @lat","Hortus sanitatis","Garden of health","1511","","","","","","","","","","","","","Fondo storico Bertoloni","Biblioteca del Dipartimento di Scienze Biologiche, Geologiche e Ambientali di Bologna","Bologna","","","",""
"44","","","3","Narcissus\n Narciso\n Daffodil\n sec. XVI\n 16th century\n BUB, Ms. Aldrovandi, Tavole di piante, fiori e frutti, Vol. 7, Carta 115","","","Tavola Manoscritta","Disegno","Tavola Manoscritta","narciso [narcissus]","Narcissus @lat","Narcissus","Daffodil","1500-1599","","Ulisse Aldrovandi (viaf:100190422)","","","","","","","","Volume A Stampa","Tavole di piante, fiori e frutti","7","","Biblioteca Universitaria di Bologna","Bologna","Ms. Aldrovandi, Tavole di piante, fiori e frutti, Vol. 7, Carta 115","","",""
"45","","","3","Muscolatura umana e scheletro pensante\n Human muscolar system and thinking skeleton\n In Andreas Vesalius, De humani corporis fabrica\n Basilea, Johann Oporinus, 1543\n BUB, A.v.ff.i.6","","","Stampa","Stampa Tipografica","Volume A Stampa","scheletro [skeleton]; umano [human]","Muscolatura umana e scheletro pensante @ita","Muscolatura umana e scheletro pensante","Human muscolar system and thinking skeleton","1543","","Andreas Vesalius (viaf:51696979)","","","","Johann Oporinus (viaf:32062642)","Basilea","","","Volume Manoscritto","De humani corporis fabrica","","","Biblioteca Universitaria di Bologna","Bologna","A.v.ff.i.6","","",""
"46","","","3","Ruote Idrauliche\n Water Wheels\n In Agricola Georg, De re metallica\n Basilea, Hieronymus Froben e Nicolaus Episcopius, 1556\n BUB, A.iv.h.i.53","","","Stampa","Stampa Tipografica","Volume A Stampa","ruota idraulica [water wheel]","Ruote idrauliche @ita","Ruote idrauliche","Water wheels","1556","","Georg Agricola (viaf:100164815)","","","","Hieronymus Froben (viaf:32319505) ; Nicolaus Episcopius (viaf:100388966)","Basilea","","","Volume A Stampa","De re metallica","","","Biblioteca Universitaria di Bologna","Bologna","A.iv.h.i.53","","",""
"47","","","3","Illustrazioni della luna\n Moon illustrations\n In Opere di Galileo Galilei divise in quattro tomi, in questa nuova edizione accresciuta di molte cose inedite. Tomo II\n Padova, Stamperia del Seminario, 1744\n Bologna, Biblioteca di Matematica, Fisica e Informatica. Sezione di Fisica. Biblioteca storica ""Guido Horn d'Arturo""","","","Stampa","Stampa Tipografica","Volume A Stampa","luna [moon]","Illustrazioni della luna @ita","Illustrazioni della luna","Moon illustrations","1744","","Galileo Galilei (viaf:2470550)","","","","Stamperia del Seminario","Padova","","","Volume A Stampa","Opere di Galileo Galilei divise in quattro tomi, in questa nuova edizione accresciuta di molte cose inedite","2","","Biblioteca di Matematica, Fisica e Informatica di Bologna","Bologna","Sezione di Fisica. Biblioteca storica ""Guido Horn d'Arturo""","","",""
"48","","","3","Descrizione dell'anatomia microscopica dell'ape\n Description of the microscopic anatomy of a bee\n In Persius Flaccus Aulus, Persio tradotto tn verso sciolto, Roma, Giacomo Mascardi, 1630\n BUB, A.v.y.xi.28","","","Stampa","Stampa Tipografica","Volume A Stampa","ape [bee]","Descrizione dell'anatomia microscopica dell'ape @ita","Descrizione dell'anatomia microscopica dell'ape","Description of the microscopic anatomy of a bee","1630","","Aulus Persius Flaccus (viaf:100198157)","","","","Giacomo Mascardi (viaf:11893599)","Roma","","","","Persio tradotto in verso sciolto e dichiarato da Francesco Stelluti Accad. Linceo da Fabriano all'Ill.mo et R.mo Sig.re il Sig. cardinale Barberino","","","Biblioteca Universitaria di Bologna","Bologna","A.v.y.xi.28","","",""
"49","","","4","Maschera raffigurante Yacatecuhtli, patrono dei mercanti, cultura nahua, ca. 1350-1521 d.C.\n Mask depicting Yacatecuhtli, patron god of merchants, Nahua culture, ca. 1350-1521 A.D.\n Roma, Museo delle Civiltà","","","Maschera","Mosaico","Maschera","dio [god]; mercanti [merchants]; Yacatecuhtli [Yacatecuhtli]","","Maschera raffigurante Yacatecuhtli, patrono dei mercanti","Mask depicting Yacatecuhtli, patron god of merchants","1350-1521","","","","","","","","","","","","","","Museo delle Civiltà di Roma","Roma","","","",""
"50","","","4","Manico di coltello sacrificale in forma di rettile fantastico, cultura nahua, ca. 1350-1521 d.C.\n Handle of sacrificial knife in the shape of a fantastical reptile, Nahua culture, ca. 1350-1521 A.D.\n Roma, Museo delle Civiltà","","","Manico Di Coltello","Mosaico","Manico Di Coltello","rettile [reptile]","","Manico di coltello sacrificale in forma di rettile fantastico","Handle of sacrificial knife in the shape of a fantastical reptile","1350-1521","","","","","","","","","","","","","","Museo delle Civiltà di Roma","Roma","","","",""
"51","","","4","Manico di coltello sacrificale in forma di figura umana, cultura nahua, ca. 1350-1521 d.C.\n Human-shaped handle of sacrificial knife, Nahua culture, ca. 1350-1521 A.D.\n Roma, Museo delle Civiltà","","","Manico Di Coltello","Mosaico","Manico Di Coltello","umano [human]","","Manico di coltello sacrificale in forma di figura umana","Human-shaped handle of sacrificial knife","1350-1521","","","","","","","","","","","","","","Museo delle Civiltà di Roma","Roma","","","",""
"52","","","4","Maschera\n Mask\n In Ulisse Aldrovandi, Musaeum metallicum\n Bologna, Marco Antonio Bernia e Giovan Battista Ferroni, 1648\n BUB, A.iv.h.iii.11/13","http://hdl.handle.net/20.500.14008/78078","","Stampa","Stampa Tipografica","Volume A Stampa","maschera [mask]","Maschera @ita","Maschera","Mask","1648","","Ulisse Aldrovandi (viaf:100190422)","","","","Marco Antonio Bernia (viaf:64188928) ; Giovanni Battista Ferroni (viaf:99638925)","Bologna","","","Volume A Stampa","Musaeum metallicum","","","Biblioteca Universitaria di Bologna","Bologna","A.iv.h.iii.11/13","","",""
"53","","","4","Pendente con testa di idolo in serpentino [am2]\n Cultura nahua o mixteca, ca. 1350-1521 d.C.\n Serpentine pendant in the shape of a human head, Nahua or Mixtec culture, ca. 1350-1521 A.D.\n Bologna, Museo Civico Medievale","","","Pendente","Scultura","Pendente","umano [human]; testa [head]","","Pendente con testa di idolo in serpentino","Serpentine pendant in the shape of a human head","1350-1521","Davide Domenici (viaf:20000053)","","","","","","","","","","","","","Museo Civico Medievale di Bologna","Bologna","","","",""
"54","","","4","Idoli\n Cult images\n In Ulisse Aldrovandi, Musaeum metallicum\n Bologna, Marco Antonio Bernia e Giovan Battista Ferroni, 1648\n BUB, A.iv.h.iii.11/13","http://hdl.handle.net/20.500.14008/78078","","Stampa","Stampa Tipografica","Volume A Stampa","umano [human]; testa [head]","Idoli @ita","Idoli","Cult images","1648","","Ulisse Aldrovandi (viaf:100190422)","","","","Marco Antonio Bernia (viaf:64188928) ; Giovanni Battista Ferroni (viaf:99638925)","Bologna","","","Volume A Stampa","Musaeum metallicum","","","Biblioteca Universitaria di Bologna","Bologna","A.iv.h.iii.11/13","","",""
"57","","","5","Polpo\n Octopus\n In Ippolito Salviani, Aquatilium animalium historiae, Roma, Ippolito Salviani, 1554\n BUB, A.v.tab.iii.i.i.9","","","Stampa","Stampa Tipografica","Volume A Stampa","polpo [octopus]","Polpo @ita","Polpo","Octopus","1554","","Ippolito Salviani (viaf:5271279)","","","","Ippolito Salviani (viaf:5271279)","Roma","","","Volume A Stampa","Aquatilium animalium historiae","","","Biblioteca Universitaria di Bologna","Bologna","A.v.tab.iii.i.i.9","","",""
"62","","","5","Isole della Grecia\n Greek islands\n In Benedetto Bordon, Isolario\n Venezia, Federico Torresano, 1547\n BUB, A.iv.p.i.14/2bis","","","Stampa","Stampa Tipografica","Volume A Stampa","Grecia [Greece]; isole [islands]","Isole della Grecia @ita","Isole della Grecia","Greek islands","1547","","Benedetto Bordon (viaf:67854568)","","","","Federico Torresano (viaf:29921615)","Venezia","","","Volume A Stampa","Isolario","","","Biblioteca Universitaria di Bologna","Bologna","A.iv.p.i.14/2bis","","",""
"63","","","5","Gufo\n Owl\n In Pierre Belon, Aquatilium animalium historiae, Parigi, Gilles Corrozet e Benoit Prevost, 1555\n BUB, A.iv.h.i.57","","","Stampa","Stampa Tipografica","Volume A Stampa","gufo [owl]","Gufo @ita","Gufo","Owl","1555","","Pierre Belon (viaf:12291805)","","","","Gilles Corrozet (viaf:39386621) ; Benoît Prévost (viaf:49333645)","Parigi","","","Volume A Stampa","Aquatilium animalium historiae","","","Biblioteca Universitaria di Bologna","Bologna","A.iv.h.i.57","","",""
"64","","","5","Polifemo\n Polyphemus\n In Ovidius Naso Publius, Metamorphoseos libri XV, Venezia, Giovanni Tacuino, 1536\n BUB, A.v.r.vi.1/1","","","Stampa","Stampa Tipografica","Volume A Stampa","Polifemo [Polyphemus]","Polifemo @ita","Polifemo","Polyphemus","1536","","Publius Ovidius Naso (viaf:88342447)","","","","Giovanni Tacuino (viaf:100177277)","Venezia","","","Volume A Stampa","Metamorphoseos libri XV","13","","Biblioteca Universitaria di Bologna","Bologna","A.v.r.vi.1/1","","",""
"66","","","5","Vipera\n Viper\n In Baldo Angelo Abati, De admirabili viperae natura, Urbino, Bartolomeo Ragusi, 1589\n BUB, A.iv.d.ix.13","","","Stampa","Stampa Tipografica","Volume A Stampa","vipera [viper]","Vipera @ita","Vipera","Viper","1589","","Baldo Angelo Abati (viaf:189070892)","","","","Bartolomeo Ragusi (viaf:161572299)","Urbino","","","Volume A Stampa","De admirabili viperae natura","","","Biblioteca Universitaria di Bologna","Bologna","A.iv.d.ix.13","","",""
"67","","","5","Ricostruzione del naso, metodo italiano\n Italian method for the reconstruction of the nose\n In Gaspare Tagliacozzi, De curtorum chirurgia, Venezia, Gaspare Bindoni, 1597\n BUB A.iv.e.ii.23","","","Stampa","Stampa Tipografica","Stampa","naso [nose]","Ricostruzione del naso, metodo italiano @ita","Ricostruzione del naso, metodo italiano","Italian method for the reconstruction of the nose","1597","","Gaspare Tagliacozzi (viaf:59436362)","","","","Gaspare Bindoni (viaf:99884281)","Venezia","","","Volume A Stampa","De curtorum chirurgia","","","Biblioteca Universitaria di Bologna","Bologna","A.iv.e.ii.23","Http://aldrovandi.dfc.unibo.it/pinakesweb/ulissealdrovandi_catalogomanoscritti2.asp?pag=4&macrofamilyid=&comptypeid=&objtypeid=1","",""
"75","","","6","Marcello Malpighi\n Anatome plantarum\n Londra, John Martin, 1675\n Bologna, Biblioteca del Dipartimento di Scienze Biologiche, Geologiche e Ambientali, Fondo storico Bertoloni[am1]","","","Volume A Stampa","Stampa Tipografica","Volume A Stampa","","Anatome plantarum @lat","Anatome plantarum","The anatomy of plants","1675","","Marcello Malpighi (viaf:85044)","","","","John Martyn (viaf:161542773)","Londra","","","","","","Fondo storico Bertoloni","Biblioteca del Dipartimento di Scienze Biologiche, Geologiche e Ambientali di Bologna","Bologna","","","",""
"76","","","6","Assitra, Overo Arbore di S. Tomaso\n In Jacopo Zanoni, Istoria botanica\n Bologna, Giuseppe Longhi, 1675\n BUB, A.iv.f.vi.3","","","Stampa","Stampa Tipografica","Stampa","fiore [flower]","Assitra, overo arbore di S. Tomaso @ita","Assitra, overo arbore di S. Tomaso","Assitra, also known as St. Thomas tree","1675","","Giacomo Zanoni (viaf:100212301)","","","","Giuseppe Longhi","Bologna","","","Volume A Stampa","Istoria botanica","","","Biblioteca Universitaria di Bologna","Bologna","A.iv.f.vi.3","","",""
"77","","","6","Panthera tigris (Linnaeus, 1758)\n Preparato a secco[am2] di scheletro di tigre\n Dried tiger skeleton\n Sec. XXI\n 21st century\n Ozzano dell'Emilia, Collezione di Anatomia degli Animali Domestici, Sistema Museale di Ateneo","","","Specimen","Essiccatura","Specimen","tigre [tiger]; scheletro [skeleton]","","Panthera tigris (Linnaeus, 1758)","Tiger","2000-2023","Carl Von Linné (viaf:34594730)","","","","","","","","","","","","Collezione di Anatomia degli Animali Domestici","Sistema Museale di Ateneo di Bologna","Ozzano dell'Emilia","","","",""
"78","","","6","Nautilio gioiellato\n In Jacopo Tosi, Testacei, cioè nicchi chiocciole e conchiglie\n Sec. XVII\n BUB, Ms. 4312, Carta 17","","","Manoscritto Miniato","","Manoscritto Miniato","nautilio [nautilus]","Nautilio gioiellato @ita","Nautilio gioiellato","Bejeweled nautilus","1600-1699","","Jacopo Tosi","","","","","","","","Volume A Stampa","Testacei, cioè nicchi chioccioe e conchiglie","","","Biblioteca Universitaria di Bologna","Bologna","Ms. 4312, Carta 17","","",""
"79","","","6","Lophophorus impejanus (Lapham, 1790)\n Esemplare tassidermizzato di lofoforo splendido\n Taxidermized specimen of Himalayan monal\n Bologna, Collezione di Zoologia, Sistema Museale di Ateneo","","","Specimen","Tassidermia","Specimen","lofoforo [lophophore]","","Lophophorus impejanus (Lapham, 1790)","Himalayan monal (Lapham, 1790)","","John Latham (viaf:69237380)","","","","","","","","","","","","Collezione di Zoologia","Sistema Museale di Ateneo di Bologna","Bologna","","","",""
"81","","","6","Coccodrillo americano\n American crocodile\n In Albert Seba, Locupletissimi rerum naturalium thesauri accurata descriptio\n Amsterdam, Janssonius Van Waesberge, Wetstein e Smith, 1734\n BUB, A.iv.i.i.6/1","","","Volume A Stampa","Stampa Tipografica","Volume A Stampa","coccodrillo [crocodile]","Coccodrillo americano @ita","Coccodrillo americano","American crocodile","1734","","Albertus Seba (viaf:5113867)","","","","Officina Janssonio-Waesbergiana (viaf:122386779)","Amsterdam","","","Volume A Stampa","Locupletissimi rerum naturalium thesauri accurata descriptio","","","Biblioteca Universitaria di Bologna","Bologna","A.iv.i.i.6/1","","",""
"82","","","6","Cornua arietis speciosa\n Caprone\n Billy goat\n In Luigi Ferdinando Marsili, Danubius pannonico-mysicus, L’Aia, Alberts Rutgert Christoffel, 1726\n BUB, A.m.b.i.23/6","","","Volume A Stampa","Stampa Tipografica","Volume A Stampa","caprone [billy goat]","Cornua arietis speciosa @lat","Cornua arietis speciosa","Billy goat horns","1726","","Luigi Ferdinando Marsili (viaf:27075563)","","","","Rutgert Christoffel Alberts (viaf:380159474187327661769)","L'Aia","","","Volume A Stampa","Danubius pannonico-mysicus","","","Biblioteca Universitaria di Bologna","Bologna","A.m.b.i.23/6","","",""
"83","","","6","Modello in legno policromo di balena della Groenlandia\n Polychrome wooden model of a bowhead whale\n Sec. XVIII\n 18th century\n Bologna, Collezione di Zoologia, Sistema Museale di Ateneo","","","Modello","Scultura","Modello","balena [whale]","Modello in legno policromo di balena della Groenlandia @ita","Modello in legno policromo di balena della Groenlandia","Polychrome wooden model of a bowhead whale","1700-1799","","","","","","","","","","","","","Collezione di Zoologia","Sistema Museale di Ateneo di Bologna","Bologna","","","",""
"84","","","6","Preparato a secco di testa, collo, torace e diaframma di cavallo\n Dried specimen of head, neck, thorax and diaphragm\n 1885\n Ozzano dell'Emilia, Collezione di Anatomia degli Animali Domestici, Sistema Museale di Ateneo","","","Modello","Essiccatura","Modello","cavallo [horse]","","Preparato a secco di testa, collo, torace e diaframma di cavallo","Dried specimen of head, neck, thorax and diaphragm","1885","","","","","","","","","","","","","Collezione di Anatomia degli Animali Domestici","Sistema Museale di Ateneo di Bologna","Ozzano dell'Emilia","","","",""
"85","","","6","Preparato in liquido di feto di tre mesi di cavallo\n Three-months horse foetus in preservative liquid\n Ozzano dell'Emilia, Collezione di Anatomia Patologica e Teratologia Veterinaria, Sistema Museale di Ateneo","","","Specimen","","Specimen","feto [fetus]; cavallo [horse]","","Preparato in liquido di feto di tre mesi di cavallo","Three-months horse foetus in preservative liquid","","","","","","","","","","","","","","Collezione di Anatomia Patologica e Teratologia Veterinaria “Alessandrini - Ercolani”","Sistema Museale di Ateneo di Bologna","Ozzano dell'Emilia","","","",""
"86","","","6","Teste di cavallo\n Horses’ heads\n In Carlo Ruini, De l'anatomia e dell’infirmità del cavallo\n Bologna, Giovanni Rossi Eredi, 1598\n BUB, A.iv.e.ii.12","","","Volume A Stampa","Stampa Tipografica","Volume A Stampa","cavallo [horse]; testa [head]","Teste di cavallo @ita","Teste di cavallo","Horses’ heads","1598","","Carlo Ruini (viaf:72336611)","","","","Giovanni Rossi Eredi (viaf:121294051)","Bologna","","","Volume A Stampa","De l’anatomia e dell’infirmità del cavallo","","","Biblioteca Universitaria di Bologna","Bologna","A.iv.e.ii.12","","",""
"87","","","6","Feto bovino, intestino\n Intestine of a bovine foetus\n Sec. XIX – 19th century\n Ozzano dell'Emilia, Collezione di Anatomia degli Animali Domestici, Sistema Museale di Ateneo","","","Specimen","","Specimen","feto [fetus]; bovino [bovine]","","Feto bovino, intestino","Intestine of a bovine foetus","1800-1899","","","","","","","","","","","","","Collezione di Anatomia degli Animali Domestici","Sistema Museale di Ateneo di Bologna","Ozzano dell'Emilia","","","",""
"88","","","6","Elefante, intestino crasso\n Elephant, large intestine\n Sec. XIX – 19th century[am3]\n Ozzano dell'Emilia, Collezione di Anatomia degli Animali Domestici, Sistema Museale di Ateneo","","","Specimen","","Specimen","elefante [elephant]; intestino [intestine]","","Elefante, intestino crasso","Elephant, large intestine","1800-1899","","","","","","","","","","","","","Collezione di Anatomia degli Animali Domestici","Sistema Museale di Ateneo di Bologna","Ozzano dell'Emilia","","","",""
"89","","","6","Luigi Galvani compie esperimenti con la macchina elettrostatica alla presenza dei familiari\n Luigi Galvani making experiments with the electrostatic machine with his family present\n Antonio Muzzi, 1862\n Olio su tavola\n Oil on panel\n Museo di Palazzo Poggi, Sistema Museale di Ateneo","","","Dipinto","Olio Su Tela","Dipinto","Luigi Galvani [Luigi Galvani]; macchina elettrostatica [electrostatic machine]","Luigi Galvani compie esperimenti con la macchina elettrostatica alla presenza dei familiari @ita","Luigi Galvani compie esperimenti con la macchina elettrostatica alla presenza dei familiari","Luigi Galvani making experiments with the electrostatic machine with his family present","1862","","Antonio Muzzi (ulan:500094135)","","Antonio Muzzi (ulan:500094135)","","","","","","","","","","Museo di Palazzo Poggi","Bologna","","","",""
"90","","","6","Modello in cera di diverse pappresentazioni di patologie oculari\n Wax model of different eye pahtologies\n Bologna, Collezione delle Cere Anatomiche ""Luigi Cattaneo"", Sistema Museale di Ateneo","","","Modello","Modellazione Cera","Modello","occhi [eyes]","Modello in cera di diverse rappresentazioni di patologie oculari @ita","Modello in cera di diverse rappresentazioni di patologie oculari","Wax model of different eye pathologies","1700-1899","","","","","","","","","","","","","Collezione delle Cere Anatomiche ""Luigi Cattaneo""","Sistema Museale di Ateneo di Bologna","Bologna","","","",""
"91","","","6","Modello in cera raffigurante l’organo della vista\n Wax model of the sensory organ for sight\n Clemente Susini\n Sec. XVIII – 18th century\n Bologna, Collezione delle Cere Anatomiche ""Luigi Cattaneo"", Sistema Museale di Ateneo","","","Modello","Modellazione Cera","Modello","occhi [eyes]","Modello in cera raffigurante l’organo della vista @ita","Modello in cera raffigurante l’organo della vista","Wax model of the sensory organ for sight","1700-1799","","Clemente Susini (viaf:41419242)","","","","","","","","","","","Collezione delle Cere Anatomiche ""Luigi Cattaneo""","Sistema Museale di Ateneo di Bologna","Bologna","","","",""
"92","","","6","Modello in cera di fasi della vaccinazione contro il vaiolo\n Wax model of the different stages of the smallpox vaccination\n Giuseppe Astorri, 1822, Bologna, Collezione delle Cere Anatomiche ""Luigi Cattaneo"", Sistema Museale di Ateneo","","","Modello","Modellazione Cera","Modello","vaccino [vaccine]; vaiolo [smallpox]","Modello in cera di fasi della vaccinazione contro il vaiolo","Modello in cera di fasi della vaccinazione contro il vaiolo","Wax model of the different stages of the smallpox vaccination","1822","","Giuseppe Astorri","","","","","","","","","","","Collezione delle Cere Anatomiche ""Luigi Cattaneo""","Sistema Museale di Ateneo di Bologna","Bologna","","","",""
"93","","","6","Busto di donna con la pellagra\n Bust of a woman with pellagra\n Giuseppe Astorri, sec. XIX – 19th century\n Bologna, Collezione delle Cere Anatomiche ""Luigi Cattaneo"", Sistema Museale di Ateneo","","","Modello","","Modello","donna [woman]; pellagra [pellagra]","Busto di donna con la pellagra @ita","Busto di donna con la pellagra","Bust of a woman with pellagra","1800-1899","","Giuseppe Astorri","","","","","","","","","","","Collezione delle Cere Anatomiche ""Luigi Cattaneo""","Sistema Museale di Ateneo di Bologna","Bologna","","","",""
"94","","","6","Preparazione in cera dell’arto inferiore\n Wax model of lower limb\n Clemente Susini, cec. XVIII – 18th century\n Bologna, Collezione delle Cere Anatomiche ""Luigi Cattaneo"", Sistema Museale di Ateneo","","","Modello","Modellazione Cera","Modello","gamba [leg]","Preparazione in cera dell’arto inferiore @ita","Preparazione in cera dell’arto inferiore","Wax model of lower limb","1700-1799","","Clemente Susini (viaf:41419242)","","","","","","","","","","","Collezione delle Cere Anatomiche ""Luigi Cattaneo""","Sistema Museale di Ateneo di Bologna","Bologna","","","",""
"95","","","6","Braccio amputato a seguito di un incidente in fase di dissezione anatomica del primo direttore del Museo di Anatomia Comparata, professor Antonio Alessandrini\n Amputated arm belonging to the first director of the Museum of Comparate Anatomy, Professor Antonio Alessandrini. The arm had to be amputed following an accident during a dissection\n Bologna, Collezione di Anatomia Comparata, Sistema Museale di Ateneo","","","Specimen","Tassidermia","Specimen","braccio [arm]","","Braccio amputato a seguito di un incidente in fase di dissezione anatomica del primo direttore del Museo di Anatomia Comparata, professor Antonio Alessandrini","Amputated arm belonging to the first director of the Museum of Comparate Anatomy, professor Antonio Alessandrini. The arm had to be amputed following an accident during a dissection","1851","","","","","","","","","","","","","Collezione di Anatomia Comparata","Sistema Museale di Ateneo di Bologna","Bologna","","","",""
"96","","","6","Microscopio\n Microscope","","","Microscopio","","Microscopio","","","Microscopio","Microscope","","","","","","","","","","","","","","","Sistema Museale di Ateneo di Bologna","","","","",""
"97","","","6","Sezione anatomica di busto umano\n Anatomical section of human torso\n In Leopoldo Marco Antonio Caldani, Icones anatomicae\n Venezia, Giuseppe Picotti, 1801-1814\n BUB, A.v.ii.bancone E.i.7","","","Volume A Stampa","Stampa Tipografica","Volume A Stampa","busto [torso]","Sezione anatomica di busto umano @ita","Sezione anatomica di busto umano","Anatomical section of human torso","1801-1814","","Leopoldo Marco Antonio Caldani (viaf:46775522)","","","","Giuseppe Picotti","Venezia","","","Volume A Stampa","Icones anatomicae","","","Biblioteca Universitaria di Bologna","Bologna","A.v.ii.bancone E.i.7","","",""
"98","","","6","Ricostruzioni plastiche sul vivente. Da sinistra a destra: boscimano Ai-hum Maschio, boscimano Kung femmina, boscimano Ai-hum femmina\n Living masks. From left to right: Ai-hum male, Kung female, Ai-hum female\n Lidio Cipriani\n Sec. XX – 20th century\n Bologna, Collezione di Antropologia, Sistema Museale di Ateneo","","","Modello","","Modello","testa [head]","Ricostruzioni plastiche dul vivente. Da sinistra a destra: boscimano Ai-hum maschio, boscimano Kung femmina, boscimano Ai-hum femmina @ita","Ricostruzioni plastiche sul vivente. Da sinistra a destra: boscimano Ai-hum maschio, boscimano Kung femmina, boscimano Ai-hum femmina","Living masks. From left to right: Ai-hum male, Kung female, Ai-hum female","1900-1962","","Lidio Cipriani (viaf:51784159)","","","","","","","","","","","Collezione di Antropologia","Sistema Museale di Ateneo di Bologna","Bologna","","","",""
"99","","","6","Ricostruzioni plastiche sul vivente, cinese maschio\n Living masks, Chinese male\n Lidio Cipriani, sec. XX – 20th century\n Bologna, Collezione di Antropologia, Sistema Museale di Ateneo","","","Modello","","Modello","testa [head]","Ricostruzioni plastiche sul vivente, cinese maschio @ita","Ricostruzioni plastiche sul vivente, cinese maschio","Living masks, Chinese male","1900-1962","","Lidio Cipriani (viaf:51784159)","","","","","","","","","","","Collezione di Antropologia","Sistema Museale di Ateneo di Bologna","Bologna","","","",""
"100","","","6","Ricostruzioni plastiche sul vivente, sardo maschio\n Living masks, Sardinian male\n Lidio Cipriani, sec. XX – 20th century\n Bologna, Collezione di Antropologia, Sistema Museale di Ateneo","","","Modello","","Modello","testa [head]","Ricostruzioni plastiche sul vivente, sardo maschio @ita","Ricostruzioni plastiche sul vivente, sardo maschio","Living masks, Sardinian male","1900-1962","","Lidio Cipriani (viaf:51784159)","","","","","","","","","","","Collezione di Antropologia","Sistema Museale di Ateneo di Bologna","Bologna","","","",""
"101","","","6","Calco in gesso di capo tasmaniano (Oceania)\n Plaster model of a Tasmanian chief\n M. Eydoux, sec. XX – 20th century\n Bologna, Collezione di Antropologia, Sistema Museale di Ateneo","","","Calco","","Calco","testa [head]","Calco in gesso di capo tasmaniano @ita","Calco in gesso di capo tasmaniano","Plaster model of a Tasmanian chief","1900-1999","","","","","","","","","","","","","Collezione di Antropologia","Sistema Museale di Ateneo di Bologna","Bologna","","","",""
"102","","","6","Calco in gesso di donna dschagga (Kenia)\n Plaster model of a Dschagga woman (Kenia)\n M. Eydoux, sec. XX – 20th century\n Bologna, Collezione di Antropologia, Sistema Museale di Ateneo","","","Calco","","Calco","testa [head]","Calco in gesso di donna dschagga @ita","Calco in gesso di donna dschagga","Plaster model of a Dschagga woman","1900-1999","","","","","","","","","","","","","Collezione di Antropologia","Sistema Museale di Ateneo di Bologna","Bologna","","","",""
"103","","","6","Tavola dei colori degli occhi di R. Martin\n Eye colour chart by R. Martin\n P. Hermann (Zurich)\n Inizio sec. XX\n Early 20th century\n Bologna, Collezione di Antropologia, Sistema Museale di Ateneo","","","Modello","","Modello","occhi [eyes]","Tavola dei colori degli occhi di R. Martin @ita","Tavola dei colori degli occhi di R. Martin","Eye colour chart by R. Martin","1900-1930","Rudolf Martin (viaf:57414035)","","","","","","","","","","","","Collezione di Antropologia","Sistema Museale di Ateneo di Bologna","Bologna","","","",""
"104","","","6","Compasso a branche ricurve con estremità arrotondate\n Curved branch compass with rounded ends\n Inizio sec. XX\n Early 20th century\n Bologna, Collezione di Antropologia, Sistema Museale di Ateneo","","","Compasso","","Compasso","","","Compasso a branche ricurve con estremità arrotondate","Curved branch compass with rounded ends","1900-1930","","","","","","","","","","","","","Collezione di Antropologia","Sistema Museale di Ateneo di Bologna","Bologna","","","",""
"105","","","6","Crani dalla Collezione di Luigi Calori\n Skulls from Luigi Calori’s collection\n Bologna, Dipartimento di Scienze Biomediche e Neuromotorie","","","Specimen","","Specimen","testa [head]","","Crani dalla Collezione di Luigi Calori","Skulls from Luigi Calori’s collection","1807-1896","","","","","","","","","","","","","Collezione di Luigi Calori","Dipartimento di Scienze Biomediche e Neuromotorie di Bologna","Bologna","","","",""
"106","","","6","Modello frenologico in cera\n Phrenology model in wax\n Giuseppe Astorri\n Sec. XIX – 19th century\n Bologna, Collezione delle Cere Anatomiche ""Luigi Cattaneo"", Sistema Museale di Ateneo","","","Modello","Modellazione Cera","Modello","testa [head]","Modello frenologico in cera @ita","Modello frenologico in cera","Phrenology model in wax","1800-1852","","Giuseppe Astorri","","","","","","","","","","","Collezione delle Cere Anatomiche ""Luigi Cattaneo""","Sistema Museale di Ateneo di Bologna","Bologna","","","",""
"107","","","6","Studio sull’encefalo di un africano, di Luigi Calori (modello in cera)\n Study on the encephalon of an African, by Luigi Calori (wax model)\n Sec. XIX - 19th century\n Bologna, Collezione delle Cere Anatomiche ""Luigi Cattaneo"", Sistema Museale di Ateneo","","","Modello","Modellazione Cera","Modello","testa [head]","Studio sull’encefalo di un africano @ita","Studio sull’encefalo di un africano","Study on the encephalon of an African","1807-1896","","Luigi Calori (viaf:26266127)","","","","","","","","","","","Collezione delle Cere Anatomiche ""Luigi Cattaneo""","Sistema Museale di Ateneo di Bologna","Bologna","","","",""
"108","","","6","Galeorhinus cuvieri (Agassiz, 1835)\n Squalo dal monte Bolca (Verona)\n Shark from Bolca (Verona, Italy)\n Eocene (48 Ma)\n Bologna, Collezione di Geologia ""Museo Giovanni Capellini"", Sistema Museale di Ateneo","","","Specimen","","Specimen","squalo [shark]","","Galeorhinus cuvieri (Agassiz, 1835)","Shark from Bolca","-48000000","Louis Agassiz (viaf:14832040)","","","","","","","","","","","","Collezione di Geologia ""Museo Giovanni Capellini""","Sistema Museale di Ateneo di Bologna","Bologna","","","",""
"109","","","6","Aepyornis maximus (Geoffroy Saint-Hilaire, 1851)\n Uovo di uccello elefante, Madagascar\n Egg ratite bird from Madagascar\n Quaternario, 1000 d.C.-1000 A.D., Bologna, Collezione di Geologia ""Museo Giovanni Capellini"", Sistema Museale di Ateneo","","","Specimen","","Specimen","uovo [egg]","","Aepyornis maximus","Elephant bird","1000","Étienne Geoffroy-Saint-Hilaire (viaf:39377694)","","","","","","","","","","","","Collezione di Geologia ""Museo Giovanni Capellini""","Sistema Museale di Ateneo di Bologna","Bologna","","","",""
"110","","","6","Arietites sp.\n Ammonite, località indeterminata\n Ammonite, undetermined locality\n Giurassico inferiore – Lower Jurassic (190 Ma)\n Bologna, Collezione di Geologia ""Museo Giovanni Capellini"", Sistema Museale di Ateneo","","","Specimen","","Specimen","mollusco [mollusk]","","Ammonite (Arietites sp.)","Ammonite (within the genus Arietites)","-190000000","","","","","","","","","","","","","Collezione di Geologia ""Museo Giovanni Capellini""","Sistema Museale di Ateneo di Bologna","Bologna","","","",""
"111","","","6","Dalmanites sp.\n Trilobite, raccolta da G. Capellini nel 1863 a Lockport (New York, USA)\n Trilobite, collected by G. Capellini in 1863 at Lockport (New York, USA)\n Siluriano - Silurian (420 Ma)\n Bologna, Collezione di Geologia “Museo Giovanni Capellini”, Sistema Museale di Ateneo","","","Specimen","","Specimen","trilobite [trilobite]","","Trilobite (Dalmanites sp.)","Trilobite (within the genus Dalmanites)","-420000000","Giovanni Capellini (viaf:69232941)","","","","","","","","","","","","Collezione di Geologia ""Museo Giovanni Capellini""","Sistema Museale di Ateneo di Bologna","Bologna","","","",""
"112","","","6","Arctinurus boltoni (Bigsby, 1825)\n Trilobite, raccolta da G. Capellini nel 1863 a Lockport (New York, USA)\n Trilobite, collected by G. Capellini in 1863 at Lockport (New York, USA)\n Siluriano - Silurian (420 Ma)\n Bologna, Collezione di Geologia “Museo Giovanni Capellini”, Sistema Museale di Ateneo","","","Specimen","","Specimen","trilobite [trilobite]","","Arctinurus boltoni (Bigsby, 1825)","Trilobite","-420000000","John Jeremiah Bigsby (viaf:40160164) ; Giovanni Capellini (viaf:69232941)","","","","","","","","","","","","Collezione di Geologia ""Museo Giovanni Capellini""","Sistema Museale di Ateneo di Bologna","Bologna","","","",""
"113","","","6","Cambropallas telesto (Geyer, 1993)\n Trilobite, impronta e controimpronta. Regione di Erfoud (Marocco)\n Trilobite, two halves from the Erfoud region (Morocco)\n Cambriano inferiore - Lower Cambrian (540 Ma)\n Bologna, Collezione di Geologia “Museo Giovanni Capellini”, Sistema Museale di Ateneo","","","Specimen","","Specimen","trilobite [trilobite]","","Cambropallas telesto (Geyer, 1993)","Trilobite, two halves from the Erfoud region","-540000000","David Geyer (viaf:35241248)","","","","","","","","","","","","Collezione di Geologia ""Museo Giovanni Capellini""","Sistema Museale di Ateneo di Bologna","Bologna","","","",""
"114","","","6","Bottiglia di Leida\n Leyden jar\n Collezione cowper\n Sec. XVIII\n 18th century\n Museo di Palazzo Poggi, Sistema Museale di Ateneo","","","Bottiglia","","Bottiglia","materiale elettrico [electric material]","","Bottiglia di Leida","Leyden jar","1700-1799","","","","","","","","","","","","","","Museo di Palazzo Poggi","Bologna","","","",""
"115","","","6","Macchina elettrostatica di Ramsden\n Ramsden elctrostatic machine\n Collezione Cowper\n Sec. XVIII\n 18th century\n Museo di Palazzo Poggi, Sistema Museale di Ateneo","","","Macchina Elettrostatica","","Macchina Elettrostatica","materiale elettrico [electric material]","","Macchina elettrostatica di Ramsden","Ramsden electrostatic machine","1700-1799","","","","","","","","","","","","","","Museo di Palazzo Poggi","Bologna","","","",""
"116","","","6","Arco Scaricatore\n Arc Discharger\n Sec. XVIII\n 18th century\n Museo di Palazzo Poggi, Sistema Museale di Ateneo","","","Arco Scaricatore","","Arco Scaricatore","materiale elettrico [electric material]","","Arco scaricatore","Arc discharger","1700-1799","","","","","","","","","","","","","","Museo di Palazzo Poggi","Bologna","","","",""
"117","","","6","Attrezzatura fotografica del prof. Fabio Frassetto","","","Strumento Tecnico","","","fotografia [photography]; equipaggiamento [equipment]","","Attrezzatura fotografica del prof. Fabio Frassetto","Photographic equipment of prof. Fabio Frassetto","1876-1953","","","","","","","","","","","","","","Sistema Museale di Ateneo di Bologna","","","","",""
"27a","","","2","Delphinium staphisagria L.\n Speronella\n Stavesacre\n Erbario Aldrovandi, Vol. 7, Carta 85\n sec. XVI\n 16th century\n Bologna, Orto Botanico ed Erbario, Sistema Museale di Ateneo","","","Specimen","Essiccatura","Erbario","speronella [larkspur]","","Delphinium staphisagria L.","Stavesacre","1500-1599","Carl Von Linné (viaf:34594730)","Ulisse Aldrovandi (viaf:100190422)","","","","","","","","Erbario","Erbario Aldrovandi","7","","Orto Botanico ed Erbario di Bologna","Bologna","Erbario Aldrovandi, Vol. 7, Carta 85","","",""
"27b","","","2","Adonis vernalis L.\n Adonide gialla\n Pheasant’s eye\n Erbario Aldrovandi, Vol.12, Carta 192\n sec. XVI\n 16th century\n Bologna, Orto Botanico ed Erbario, Sistema Museale di Ateneo","","","Specimen","Essiccatura","Erbario","adonide [adonis]","","Adonis vernalis L.","Pheasant’s eye","1500-1599","Carl Von Linné (viaf:34594730)","Ulisse Aldrovandi (viaf:100190422)","","","","","","","","Erbario","Erbario Aldrovandi","12","","Orto Botanico ed Erbario di Bologna","Bologna","Erbario Aldrovandi, Vol.12, Carta 192","","",""
"27c","","","2","Solanum lycopersicum L.\n Pomodoro\n Tomato\n Erbario Aldrovandi, Vol.1, Carta 368\n sec. XVI\n 16th century\n Bologna, Orto Botanico ed Erbario, Sistema Museale di Ateneo","","","Specimen","Essiccatura","Erbario","pomodoro [tomato]","","Solanum lycopersicum L.","Tomato","1500-1599","Carl Von Linné (viaf:34594730)","Ulisse Aldrovandi (viaf:100190422)","","","","","","","","Erbario","Erbario Aldrovandi","1","","Orto Botanico ed Erbario di Bologna","Bologna","Erbario Aldrovandi, Vol.1, Carta 368","","",""
"27d","","","2","Antennaria dioica (L.)\n Gaertner antennaria\n Mountain everlasting\n Erbario Aldrovandi, Vol.9, Carta 141\n sec. XVI\n 16th century\n Bologna, Orto Botanico ed Erbario, Sistema Museale di Ateneo","","","Specimen","Essiccatura","Erbario","antennaria [pussytoes]","","Antennaria dioica (L.)","Mountain everlasting","1500-1599","Carl Von Linné (viaf:34594730) ; Joseph Gaertner (viaf:36987534)","Ulisse Aldrovandi (viaf:100190422)","","","","","","","","Erbario","Erbario Aldrovandi","9","","Orto Botanico ed Erbario di Bologna","Bologna","Erbario Aldrovandi, Vol.9, Carta 141","","",""
"27e","","","2","Tulipa sylvestris L.\n Tulipano dei campi\n Wild tulip\n Erbario Aldrovandi, Vol.6, Carta 195\n sec. XVI\n 16th century\n Bologna, Orto Botanico ed Erbario, Sistema Museale di Ateneo","","","Specimen","Essiccatura","Erbario","tulipano [tulip]","","Tulipa sylvestris L.","Wild tulip","1500-1599","Carl Von Linné (viaf:34594730)","Ulisse Aldrovandi (viaf:100190422)","","","","","","","","Erbario","Erbario Aldrovandi","6","","Orto Botanico ed Erbario di Bologna","Bologna","Erbario Aldrovandi, Vol.6, Carta 195","","",""
"27f","","","2","Dryas octopetala L.\n Camedrio alpino\n Mountain avens\n Erbario Aldrovandi, Vol.13, Carta 77\n sec. XVI\n 16th century\n Bologna, Orto Botanico ed Erbario, Sistema Museale di Ateneo","","","Specimen","Essiccatura","Erbario","camedrio alpino [alpine germander]","","Dryas octopetala L.","Mountain avens","1500-1599","Carl Von Linné (viaf:34594730)","Ulisse Aldrovandi (viaf:100190422)","","","","","","","","Erbario","Erbario Aldrovandi","13","","Orto Botanico ed Erbario di Bologna","Bologna","Erbario Aldrovandi, Vol.13, Carta 77","","",""
"74a","","","6","Linum usitatissimum L.\n Modello di lino, Manifattura Brendel, Berlino\n Model of flax, Brendel Company, Berlin\n Fine sec. XIX\n Late 19th century\n Bologna, Orto Botanico ed Erbario, Sistema Museale di Ateneo","","","Modello","Scultura","Modello","lino [flax]; fiore [flower]","Linum usitatissimum L. @lat","Linum usitatissimum L.","Common flax","1800-1899","Carl Von Linné (viaf:34594730)","Antica Manifattura Robert Brendel e Figli","","","","","Berlino","","","","","","","Orto Botanico ed Erbario di Bologna","Bologna","","","",""
"74b","","","6","Orchis morio L.\n Modello di giglio caprino, Manifattura Brendel, Berlino\n Model of green-winged orchid, Brendel Company, Berlin\n Fine sec. XIX\n Late 19th century\n Bologna, Orto Botanico ed Erbario, Sistema Museale di Ateneo","","","Modello","Scultura","Modello","giglio [lily]; fiore [flower]","Orchis morio L. @lat","Orchis morio L.","Green-winged orchid","1800-1899","Carl Von Linné (viaf:34594730)","Antica Manifattura Robert Brendel e Figli","","","","","Berlino","","","","","","","Orto Botanico ed Erbario di Bologna","Bologna","","","",""
"74c","","","6","Butomus umbellatus L.\n Modello di giunco fiorito, Manifattura Brendel, Berlino\n Model of flowering rush, Brendel Company, Berlin\n Fine sec. XIX\n Late 19th century\n Bologna, Orto Botanico ed Erbario, Sistema Museale di Ateneo","","","Modello","Scultura","Modello","giunco [rush]; fiore [flower]","Butomus umbellatus L. @lat","Butomus umbellatus L.","Flowering rush","1800-1899","Carl Von Linné (viaf:34594730)","Antica Manifattura Robert Brendel e Figli","","","","","Berlino","","","","","","","Orto Botanico ed Erbario di Bologna","Bologna","","","",""
"74d","","","6","Daphne mezereum L.\n Modello di fior di stecco, Manifattura Brendel, Berlino\n Model of spurge laurel, Brendel Company, Berlin\n Fine sec. XIX\n Late 19th century\n Bologna, Orto Botanico ed Erbario, Sistema Museale di Ateneo","","","Modello","Scultura","Modello","fior di stecco [mezereon]; fiore [flower]","Daphne mezereum L. @lat","Daphne mezereum L.","Mezereon","1800-1899","Carl Von Linné (viaf:34594730)","Antica Manifattura Robert Brendel e Figli","","","","","Berlino","","","","","","","Orto Botanico ed Erbario di Bologna","Bologna","","","",""
"74e","","","6","Primula veris L.\n Modello di primula odorosa, Manifattura Brendel, Berlino\n Model of cowslip, Brendel Company, Berlin\n Fine sec. XIX\n Late 19th century\n Bologna, Orto Botanico ed Erbario, Sistema Museale di Ateneo","","","Modello","Scultura","Modello","primula [primrose]; fiore [flower]","Primula veris L. @lat","Primula veris L.","Common cowslip","1800-1899","Carl Von Linné (viaf:34594730)","Antica Manifattura Robert Brendel e Figli","","","","","Berlino","","","","","","","Orto Botanico ed Erbario di Bologna","Bologna","","","",""
"a_alto_centro","","","5","Testamento di Ulisse Aldrovandi\n Ulisse Aldrovandi’s will\n Carlo Antonio Manzolini, 6/1, Prot. testamenti 1592-1608, cc. 81v-90r. Archivio di Stato di Bologna, Archivio notarile","","","Tavola Manoscritta","Scrittura","Tavola Manoscritta","testamento [testament]","","Testamento di Ulisse Aldrovandi","Ulisse Aldrovandi’s will","1592-1608","","Carlo Antonio Manzolini","","","","","","","Ulisse Aldrovandi (viaf:100190422)","","Prot. Testamenti 1592-1608","","","Archivio di Stato di Bologna","Bologna","","","",""
"a_alto_sinistra_1","","","5","Medaglia in piombo\n Lead medal\n Timoteo Refati, sec. XVI - 16th century\n Bologna, Museo Civico Archeologico[am1]","","","Medaglia","Incisione","Medaglia","","","Medaglia in piombo","Lead medal","1500-1599","Timoteo Refati","","","","","","","","","","","","","Museo Civico Archeologico di Bologna","Bologna","","","",""
"a_alto_sinistra_2","","","5","Medaglia commemorativa delle onoranze del 1907\n Commemorative medal from the 1907 celebrations","","","Medaglia","Incisione","Medaglia","","","Medaglia commemorativa delle onoranze del 1907","Commemorative medal from the 1907 celebrations","1907","","","","","","","","","","","","","","Sistema Museale di Ateneo di Bologna","","","","",""
"a_alto_sinistra_3","","","5","Calchi in gesso di medaglie coniate con Aldrovandi vivente\n Plaster casts of 16th century medals","","","Calco","Incisione","Calco","Ulisse Aldrovandi [Ulisse Aldrovandi]","","Calchi in gesso di medaglie coniate con Aldrovandi vivente","Plaster casts of 16th century medals","1500-1599","","","","","","","","","","","","","","Sistema Museale di Ateneo di Bologna","","","","",""
"b_alto_centro_1","","","5","Harpactocarcinus punctulatus (Milne-Edwards, 1862)","","","Specimen","","Specimen","granchio [crab]","","Harpactocarcinus punctulatus","Speckled crab","","Henri Milne-Edwards (viaf:12392989)","","","","","","","","","","","","","Sistema Museale di Ateneo di Bologna","","","","",""
"b_alto_centro_2","","","5","Harpactocarcinus sp.","","","Specimen","","Specimen","granchio [crab]","","Harpactocarcinus sp.","Species within the genus Harpactocarcinus","","","","","","","","","","","","","","","Sistema Museale di Ateneo di Bologna","","","","",""
"b_alto_centro_3","","","5","Lophoranina Aldrovandi (Ranzani, 1818)\n Olotipo / Holotype","","","Specimen","","Specimen","crostaceo [crustacean]","","Lophoranina Aldrovandi","Aldrovandi's moorhen","","Camillo Ranzani (viaf:13055229)","","","","","","","","","","","","","Sistema Museale di Ateneo di Bologna","","","","",""
"b_alto_destra_1","","","5","Mammuthus sp.","","","Specimen","","Specimen","mammut [mammoth]","","Mammuthus sp.","Species within the genus Mammuthus","","","","","","","","","","","","","","","Sistema Museale di Ateneo di Bologna","","","","",""
"b_alto_destra_2","","","5","Mammuthus sp.","","","Specimen","","Specimen","mammut [mammoth]","","Mammuthus sp.","Species within the genus Mammuthus","","","","","","","","","","","","","","","Sistema Museale di Ateneo di Bologna","","","","",""
"b_alto_destra_3","","","5","Hippopotamus amphibius (Linnaeus, 1758)","","","Specimen","","Specimen","ippopotamo [hippopotamus]","","Hippopotamus amphibius","Hippopotamus","","Carl Von Linné (viaf:34594730)","","","","","","","","","","","","","Sistema Museale di Ateneo di Bologna","","","","",""
"b_alto_sinistra_1","","","5","Palaeoniscum freieslebeni (De Blainville, 1818)\n Carbonifero, Sassonia, Carbonifereous, Saxony","","","Specimen","","Specimen","pesce [fish]","","Palaeoniscum freieslebeni","Palaeoniscum freieslebeni","","Henri-Marie Ducrotay De Blainville (viaf:76391064)","","","","","","","","","","","","","Sistema Museale di Ateneo di Bologna","","","","",""
"b_alto_sinistra_2","","","5","Charcharodon megalodon (Agassiz, 1843), Miocene","","","Specimen","","Specimen","","","Charcharodon megalodon","Charcharodon megalodon","","Louis Agassiz (viaf:14832040)","","","","","","","","","","","","","Sistema Museale di Ateneo di Bologna","","","","",""
"b_alto_sinistra_3","","","5","Coelodus sp. e Lepidotes gigas, Denti di pesci\n Fish teeth","","","Specimen","","Specimen","dente [tooth]; pesce [fish]","","Denti di pesci (Coelodus sp. e Lepidotes gigas)","Fish teeth (species within the genus Coelodus and Lepidotes gigas)","","","","","","","","","","","","","","","Sistema Museale di Ateneo di Bologna","","","","",""
"b_basso","","","5","Fanoni di balena\n Baleen","","","Specimen","","Specimen","balena [whale]","","Fanoni di balena","Whale baleen","","","","","","","","","","","","","","","Sistema Museale di Ateneo di Bologna","","","","",""
"m1","","","5","Ulisse Aldrovandi\n Adnotationes variae praesertim de animalibus\n sec. XVI - 16th century\n BUB, Ms. Aldrovandi, 21/1, Carte 12v-13r","http://hdl.handle.net/20.500.14008/80967","","Volume Manoscritto","Scrittura","Volume Manoscritto","","Adnotationes variae praesertim de animalibus @lat","Adnotationes variae praesertim de animalibus","Various annotations, especially about animals","1500-1599","","Ulisse Aldrovandi (viaf:100190422)","","","","","","","","Volume Manoscritto","Ms. Aldrovandi","21/1","","Biblioteca Universitaria di Bologna","Bologna","Ms. Aldrovandi, 21/1, Carte 12v-13r","","",""
"m2","","","5","Ulisse Aldrovandi\n Vulgata proverbia (Libro dei proverbi)\n sec. XVI - 16th century\n BUB, Ms. Aldrovandi 27, Carte 24v-25r","http://hdl.handle.net/20.500.14008/81548","","Volume Manoscritto","Scrittura","Volume Manoscritto","","Vulgata proverbia @lat","Vulgata proverbia","Vulgate proverbs","1500-1599","","Ulisse Aldrovandi (viaf:100190422)","","","","","","","","Volume Manoscritto","Ms. Aldrovandi","27","","Biblioteca Universitaria di Bologna","Bologna","Ms. Aldrovandi 27, Carte 24v-25r","","",""
"m3","","","5","Ulisse Aldrovandi\n Pandechion epistemonicon\n sec. XVI - 16th century\n BUB, Ms. Aldrovandi 105, Carte 263v-264r","","","Volume Manoscritto","Scrittura","Volume Manoscritto","","Pandechion epistemonicon @gre","Pandechion epistemonicon","Pandechion of knowledge","1500-1599","","Ulisse Aldrovandi (viaf:100190422)","","","","","","","","","Ms. Aldrovandi","105","","Biblioteca Universitaria di Bologna","Bologna","Ms. Aldrovandi 105, Carte 263v-264r","","",""
"m4","","","5","Ulisse Aldrovandi\n Lexicon rerum inanimatarum\n sec. XVI - 16th century\n BUB, Ms. Aldrovandi 96/5, Carte 297v-298r","","","Volume Manoscritto","Scrittura","Volume Manoscritto","","Lexicon rerum inanimatarum @lat","Lexicon rerum inanimatarum","Lexicon of inanimate things","1500-1599","","Ulisse Aldrovandi (viaf:100190422)","","","","","","","","","Ms. Aldrovandi","96/5","","Biblioteca Universitaria di Bologna","Bologna","Ms. Aldrovandi 96/5, Carte 297v-298r","","",""
"m5","","","5","Ulisse Aldrovandi\n Bibliotheca secundum nomina authorum (catalogo della biblioteca)\n sec. XVI - 16th century\n BUB, Ms. Aldrovandi 147, Carte 152v-153r[am1]","","","Volume Manoscritto","Scrittura","Volume Manoscritto","","Bibliotheca secundum nomina authorum @lat","Bibliotheca secundum nomina authorum","Library according to the names of the authors","1500-1599","","Ulisse Aldrovandi (viaf:100190422)","","","","","","","","","Ms. Aldrovandi","147","","Biblioteca Universitaria di Bologna","Bologna","Ms. Aldrovandi 147, Carte 152v-153r","","",""
"m6","","","5","Ulisse Aldrovandi\n Theatrum biblicum naturale\n sec. XVI - 16th century\n BUB, Ms. Aldrovandi 54/2, Carta 211","","","Volume Manoscritto","Scrittura","Volume Manoscritto","","Theatrum biblicum naturale @lat","Theatrum biblicum naturale","Natural biblical theater","1500-1599","","Ulisse Aldrovandi (viaf:100190422)","","","","","","","","","Ms. Aldrovandi","54/2","","Biblioteca Universitaria di Bologna","Bologna","Ms. Aldrovandi 54/2, Carta 211","","",""
"m7","","","5","Libro dei visitatori\n Visitors book\n Ulisse Aldrovandi, Catalogus virorum qui visitarunt museaum nostrum\n sec. XVI - 16th century\n BUB, Ms. Aldrovandi 110, Carta 52r","","","Volume Manoscritto","Scrittura","Volume Manoscritto","","Catalogus virorum qui visitarunt museaum nostrum @lat","Catalogus virorum qui visitarunt museaum nostrum","Catalog of the men who visited our museum","1500-1599","","Ulisse Aldrovandi (viaf:100190422)","","","","","","","","","Ms. Aldrovandi","110","","Biblioteca Universitaria di Bologna","Bologna","Ms. Aldrovandi 110, Carta 52r","","",""
"m8","","","5","Discorso naturale di Ulisse Aldrovandi\n Philosopho et medico\n In Ulisse Aldrovandi, De lucentibus et aliis\n sec. XVI - 16th century\n BUB, Ms. Aldrovandi 91, C. 503","","","Volume Manoscritto","Scrittura","Volume Manoscritto","","Discorso naturale di Ulisse Aldrovandi philosopho et medico @ita","Discorso naturale di Ulisse Aldrovandi philosopho et medico","Discourse on nature of Ulisse Aldrovandi, philosopher and medician","1500-1599","","Ulisse Aldrovandi (viaf:100190422)","","","","","","","","","Ms. Aldrovandi","91","","Biblioteca Universitaria di Bologna","Bologna","Ms. Aldrovandi 91, C. 503","","",""
"ptb","","","3","Parete con matrici xilografiche","","","Xilografia","Incisione","Xilografia","","","Parete con matrici xilografiche","Wall with xilographic matrices","","","","","","","","","","","","","","","Sistema Museale di Ateneo di Bologna","","","","",""
"ptb_1","ptb","Parte Di","3","Matrice xilografica fiore","","","Xilografia","Incisione","Xilografia","fiore [flower]","","Matrice xilografica fiore","Xilographic matrix of a flower","","","","","","","","","","","","","","","Sistema Museale di Ateneo di Bologna","","","","",""
"ptb_2","ptb","Parte Di","3","Matrice xilografica pianta","","","Xilografia","Incisione","Xilografia","pianta [plant]","","Matrice xilografica pianta","Xilographic matrix of a plant","","","","","","","","","","","","","","","Sistema Museale di Ateneo di Bologna","","","","",""
"ptb_3","ptb","Parte Di","3","Matrice xilografica serpente","","","Xilografia","Incisione","Xilografia","serpente [snake]","","Matrice xilografica serpente","Xilographic matrix of a snake","","","","","","","","","","","","","","","Sistema Museale di Ateneo di Bologna","","","","",""
"ptb_4","ptb","Parte Di","3","Matrice xilografica egizia","","","Xilografia","Incisione","Xilografia","geroglifici [hieroglyphs]","","Matrice xilografica egizia","Egyptian xilographic matrix","","","","","","","","","","","","","","","Sistema Museale di Ateneo di Bologna","","","","",""
"s_n","","","5","Busto di Ulisse Aldrovandi\n Bust of Ulisse Aldrovandi\n Anonimo / Anonymous, 1881 ca.\n Marmo bianco / white marble","","","Statua","Scultura","Statua","Ulisse Aldrovandi [Ulisse Aldrovandi]","Busto di Ulisse Aldrovandi @ita","Busto di Ulisse Aldrovandi","Bust of Ulisse Aldrovandi","1881","","","","","","","","","","","","","","Sistema Museale di Ateneo di Bologna","","","","",""
"vetrina_1_alto_n_1","","","5","Collana di semi mesoamericana\n Seeds necklace from Central America","","","Collana","Essiccatura","Collana","","","Collana di semi mesoamericana","Mesoamerican seed necklace","","","","","","","","","","","","","","","Sistema Museale di Ateneo di Bologna","","","","",""
"vetrina_1_alto_n_2","","","5","Bambù lavorato\n Hand-carved bamboo","","","Artefatto","Incisione","Artefatto","","","Bambù lavorato","Hand-carved bamboo","","","","","","","","","","","","","","","Sistema Museale di Ateneo di Bologna","","","","",""
"vetrina_1_alto_n_2_t","vetrina_1_alto_n_2","Rappresenta","5","Tavoletta con bambù","","","Artefatto","","Artefatto","","","Tavoletta con bambù","Bamboo tablet","","","","","","","","","","","","","","","Sistema Museale di Ateneo di Bologna","","","","",""
"vetrina_1_alto_n_3","","","5","Sonaglio con semi di Thevetia peruviana\n Rattle with Thevetia peruviana seeds","","","Sonaglio","Essiccatura","Sonaglio","","","Sonaglio con semi di Thevetia peruviana","Rattle with Thevetia peruviana seeds","","","","","","","","","","","","","","","Sistema Museale di Ateneo di Bologna","","","","",""
"vetrina_1_alto_n_3_t","vetrina_1_alto_n_3","Rappresenta","5","Tavoletta con sonaglio","","","Artefatto","","Artefatto","","","Tavoletta con sonaglio","Rattle tablet","","","","","","","","","","","","","","","Sistema Museale di Ateneo di Bologna","","","","",""
"vetrina_1_alto_s_1","","","5","Statuetta ushabti in faïence\n Ushabti statuette in faïence\n Epoca tarda\n Late period","","","Statua","Scultura","Statua","ushabti [ushabti]","","Statuetta ushabti in faïence","Ushabti statuette in faïence","","","","","","","","","","","","","","","Museo Civico Archeologico di Bologna","","","","",""
"vetrina_1_alto_s_10","","","5","Gemma in diaspro giallo con cinocefalo e iscrizione\n Yellow jasper gem with a cynocephalon and inscription\n Sec. III d.C.\n 3rd century A.D.","","","Gemma","Intarsio","Gemma","cinocefalo [cynocephalus]","","Gemma in diaspro giallo con cinocefalo e iscrizione","Yellow jasper gem with a cynocephalon and inscription","200-299","","","","","","","","","","","","","","Museo Civico Archeologico di Bologna","","","","",""
"vetrina_1_alto_s_11","","","5","Gemma in diaspro con scorpione\n Jasper gem with a scorpion\n Sec. III d.C.\n 3rd century A.D.","","","Gemma","Intarsio","Gemma","scorpione [scorpion]","","Gemma in diaspro con scorpione","Jasper gem with a scorpion","200-299","","","","","","","","","","","","","","Museo Civico Archeologico di Bologna","","","","",""
"vetrina_1_alto_s_12","","","5","Gemma in diaspro nero con iscrizione araba\n Black jasper gem with arabic inscription\n Sec. VIII-XVII d.C.\n 8th-17th century A.D.","","","Gemma","Intarsio","Gemma","iscrizione araba [Arabic inscription]","","Gemma in diaspro nero con iscrizione araba","Black jasper gem with arabic inscription","700-1699","","","","","","","","","","","","","","Museo Civico Archeologico di Bologna","","","","",""
"vetrina_1_alto_s_13","","","5","Sferule di avorio e calcare\n Limestone and ivory spheres","","","Artefatto","","Artefatto","","","Sferule di avorio e calcare","Limestone and ivory spheres","","","","","","","","","","","","","","","Sistema Museale di Ateneo di Bologna","","","","",""
"vetrina_1_alto_s_14","","","5","Punta di freccia del Neolitico\n Neolitic arrow point","https://catalogo.sma.unibo.it/it/29/ricerca/detailiccd/5952/","","Artefatto","","Artefatto","Neolitico [Neolithic]","","Punta di freccia del Neolitico","Neolitic arrow point","- 10000-2000","","","","","","","","","","","","","","Sistema Museale di Ateneo di Bologna","","","","",""
"vetrina_1_alto_s_15","","","5","Corno lavorato\n Carved horn","","","Artefatto","","Artefatto","","","Corno lavorato","Carved horn","","","","","","","","","","","","","","","Sistema Museale di Ateneo di Bologna","","","","",""
"vetrina_1_alto_s_16","","","5","Ascia di giadeite\n Jade axe","","","Ascia","","Ascia","","","Ascia di giadeite","Jade axe","","","","","","","","","","","","","","","Sistema Museale di Ateneo di Bologna","","","","",""
"vetrina_1_alto_s_2","","","5","Lucerna fittile a volute con spalla decorata\n Clay lamp with scrolls and decorated side\n sec. I d.C. 1st century A.D.","","","Lampada","","Lampada","","","Lucerna fittile a volute con spalla decorata","Clay lamp with scrolls and decorated side","0-99","","","","","","","","","","","","","","Museo Civico Archeologico di Bologna","","","","",""
"vetrina_1_alto_s_3","","","5","Scarabeo in stile egizio in pietra dura bianca\n Egyptian style scarab in hard white stone\n Età moderna (?)\n Modern era (?)","","","Artefatto","Intarsio","Artefatto","scarabeo [beetle]","","Scarabeo in stile egizio in pietra dura bianca","Egyptian style scarab in hard white stone","","","","","","","","","","","","","","","Museo Civico Archeologico di Bologna","","","","",""
"vetrina_1_alto_s_4","","","5","Gemma in agata con capra presso albero\n Agate gem with a goat next to a tree\n Metà sec. I a.C.\n Mid 1st century B.C.","","","Gemma","Intarsio","Gemma","capra [goat]; albero [tree]","","Gemma in agata con capra presso albero","Agate gem with a goat next to a tree","- 0-99","","","","","","","","","","","","","","Museo Civico Archeologico di Bologna","","","","",""
"vetrina_1_alto_s_5","","","5","Gemma in agata con maschera della commedia dell’arte\n Agate gem with comedy of art mask\n Metà sec. I a.C.\n Mid 1st century B.C.","","","Gemma","Intarsio","Gemma","maschera [mask]","","Gemma in agata con maschera della commedia dell’arte","Agate gem with comedy of art mask","- 0-99","","","","","","","","","","","","","","Museo Civico Archeologico di Bologna","","","","",""
"vetrina_1_alto_s_6","","","5","Gemma in agata con Serapide in trono\n Agate gem with Serapis enthroned\n Sec. I d.C.\n 1st century A.D.","","","Gemma","Intarsio","Gemma","Serapide [Serapis]; trono [throne]","","Gemma in agata con Serapide in trono","Agate gem with Serapis enthroned","0-99","","","","","","","","","","","","","","Museo Civico Archeologico di Bologna","","","","",""
"vetrina_1_alto_s_7","","","5","Gemma in agata con uccello\n Agate gem with a bird\n Sec. I d.C.\n 1st century A.D.","","","Gemma","Intarsio","Gemma","uccello [bird]","","Gemma in agata con uccello","Agate gem with a bird","0-99","","","","","","","","","","","","","","Museo Civico Archeologico di Bologna","","","","",""
"vetrina_1_alto_s_8","","","5","Gemma in agata con Mercurio e Fortuna\n Agate gem with Mercury and Fortuna\n Sec. II d.C.\n 2nd century A.D.","","","Gemma","Intarsio","Gemma","Mercurio [Mercury]; Fortuna [Fortune]","","Gemma in agata con Mercurio e Fortuna","Agate gem with Mercury and Fortuna","100-199","","","","","","","","","","","","","","Museo Civico Archeologico di Bologna","","","","",""
"vetrina_1_alto_s_9","","","5","Gemma in pasta vitrea stratificata con figura appoggiata a un bastone\n Gem in laminated vitreous paste with a figure resting on a stick\n Sec. II-III d.C.\n 2nd-3rd century A.D.","","","Gemma","Intarsio","Gemma","umano [human]; bastone [staff]","","Gemma in pasta vitrea stratificata con figura appoggiata a un bastone","Gem in laminated vitreous paste with a figure resting on a stick","100-299","","","","","","","","","","","","","","Museo Civico Archeologico di Bologna","","","","",""
"vetrina_1_basso","","","5","Carapaci di tartarughe\n Turtle shells","","","Specimen","Tassidermia","Specimen","tartaruga [turtle]","","Carapaci di tartarughe","Turtle shells","","","","","","","","","","","","","","","Sistema Museale di Ateneo di Bologna","","","","",""
"vetrina_2_alto_n_1","","","5","Calcoli\n Kidney stone","","","Specimen","","Specimen","calcoli renali [kidney stones]","","Calcoli","Kidney stone","","","","","","","","","","","","","","","Sistema Museale di Ateneo di Bologna","","","","",""
"vetrina_2_alto_n_1_t1","vetrina_2_alto_n_1","Rappresenta","5","Tavoletta con calcolo","","","Calco","","Calco","calcoli renali [kidney stones]","","Tavoletta con calcolo","Kidney stone tablet","","","","","","","","","","","","","","","Sistema Museale di Ateneo di Bologna","","","","",""
"vetrina_2_alto_n_1_t2","vetrina_2_alto_n_1","Rappresenta","5","Tavoletta con calcolo","","","Calco","","Calco","calcoli renali [kidney stones]","","Tavoletta con calcolo","Kidney stone tablet","","","","","","","","","","","","","","","Sistema Museale di Ateneo di Bologna","","","","",""
"vetrina_2_alto_n_2","","","5","Bezoar di gazzella\n Gazzelle bezoar","","","Specimen","","Specimen","gazzella [gazelle]","","Bezoar di gazzella","Gazzelle bezoar","","","","","","","","","","","","","","","Sistema Museale di Ateneo di Bologna","","","","",""
"vetrina_2_alto_n_3","","","5","Sezioni di denti di elefante\n Elephant teeth","","","Specimen","","Specimen","dente [tooth]; elefante [elephant]","","Sezioni di denti di elefante","Elephant teeth","","","","","","","","","","","","","","","Sistema Museale di Ateneo di Bologna","","","","",""
"vetrina_2_alto_n_3_t","vetrina_2_alto_n_3","Rappresenta","5","Tavoletta con elefante","","","Artefatto","","Artefatto","elefante [elephant]","","Tavoletta con elefante","Elephant tablet","","","","","","","","","","","","","","","Sistema Museale di Ateneo di Bologna","","","","",""
"vetrina_2_alto_s_1","","","5","Zanne di elefante\n Elephant tusks","","","Specimen","","Specimen","elefante [elephant]","","Zanne di elefante","Elephant tusks","","","","","","","","","","","","","","","Sistema Museale di Ateneo di Bologna","","","","",""
"vetrina_2_alto_s_1_t","vetrina_2_alto_s_1","Rappresenta","5","Tavoletta con elefante","","","Artefatto","","Artefatto","elefante [elephant]","","Tavoletta con elefante","Elephant tablet","","","","","","","","","","","","","","","Sistema Museale di Ateneo di Bologna","","","","",""
"vetrina_2_alto_s_2","","","5","Corna di bovidi e cervidi\n Bull and deer horns","","","Specimen","","Specimen","corna [horns]; cervo [deer]; bovino [bovine]","","Corna di bovidi e cervidi","Bull and deer horns","","","","","","","","","","","","","","","Sistema Museale di Ateneo di Bologna","","","","",""
"vetrina_2_alto_s_2_t","vetrina_2_alto_s_2","Rappresenta","5","Tavoletta con cervo","","","Artefatto","","Artefatto","cervo [deer]","","Tavoletta con cervo","Deer tablet","","","","","","","","","","","","","","","Sistema Museale di Ateneo di Bologna","","","","",""
"vetrina_2_alto_s_3","","","5","Ghiandole di castoro e capra\n Beaver and goat glands","","","Specimen","Tassidermia","Specimen","castoro [beaver]; capra [goat]","","Ghiandole di castoro e capra","Beaver and goat glands","","","","","","","","","","","","","","","Sistema Museale di Ateneo di Bologna","","","","",""
"vetrina_2_basso","","","5","Preparati zoologici: cervo, rinoceronte e antilope\n Zoological samples: deer, rhinoceros and antelope","","","Specimen","Tassidermia","Specimen","cervo [deer]; rinoceronte [rhinoceros]; antilope [antelope]","","Preparati zoologici: cervo, rinoceronte e antilope","Zoological samples: deer, rhinoceros and antelope","","","","","","","","","","","","","","","Sistema Museale di Ateneo di Bologna","","","","",""
"vetrina_2_basso_t","vetrina_2_basso","Rappresenta","5","Tavoletta rinoceronte","","","Calco","","Calco","rinoceronte [rhinoceros]","","Tavoletta con rinoceronte","Rhino tablet","","","","","","","","","","","","","","","Sistema Museale di Ateneo di Bologna","","","","",""
"vetrina_3_alto_n_1","","","5","Uova di struzzo\n Ostrich eggs","","","Specimen","","Specimen","uova [eggs]; struzzo [ostrich]","","Uova di struzzo","Ostrich eggs","","","","","","","","","","","","","","","Sistema Museale di Ateneo di Bologna","","","","",""
"vetrina_3_alto_n_2","","","5","Uova mostruose di pollo e fagiano\n Chicken and pheasant monster eggs","","","Specimen","","Specimen","uova [eggs]; fagiano [pheasant]; pollo [chicken]","","Uova mostruose di pollo e fagiano","Chicken and pheasant monster eggs","","","","","","","","","","","","","","","Sistema Museale di Ateneo di Bologna","","","","",""
"vetrina_3_alto_n_3","","","5","Graminacea subfossile\n Grass plant","","","Specimen","","Specimen","graminacee [grasses]","","Graminacea subfossile","Subfossil grass plant","","","","","","","","","","","","","","","Sistema Museale di Ateneo di Bologna","","","","",""
"vetrina_3_alto_n_4","","","5","Apice vegetativo di palma\n Palm tree leaf","","","Specimen","","Specimen","palma [palm]","","Apice vegetativo di palma","Palm tree leaf","","","","","","","","","","","","","","","Sistema Museale di Ateneo di Bologna","","","","",""
"vetrina_3_alto_s_1","","","5","Baccello con seme\n Pod with seed","","","Specimen","","Specimen","seme [seed]; bacello [pod]","","Baccello con seme","Pod with seed","","","","","","","","","","","","","","","Sistema Museale di Ateneo di Bologna","","","","",""
"vetrina_3_alto_s_1_t","vetrina_3_alto_s_1","Rappresenta","5","Tavoletta con baccelli","","","Calco","","Calco","bacello [pod]","","Tavoletta con bacelli","Pods tablet","","","","","","","","","","","","","","","Sistema Museale di Ateneo di Bologna","","","","",""
"vetrina_3_alto_s_2","","","5","Preparati vegetali\n Botanical samples","","","Specimen","","Specimen","","","Preparati vegetali","Botanical samples","","","","","","","","","","","","","","","Sistema Museale di Ateneo di Bologna","","","","",""
"vetrina_3_alto_s_2_t","vetrina_3_alto_s_2","Rappresenta","5","Tavoletta con nido","","","Calco","","Calco","nido [nest]","","Tavoletta con nido","Nest tablet","","","","","","","","","","","","","","","Sistema Museale di Ateneo di Bologna","","","","",""
"vetrina_3_alto_s_3","","","5","Preparati vegetali\n Botanical samples","","","Specimen","","Specimen","","","Preparati vegetali","Botanical samples","","","","","","","","","","","","","","","Sistema Museale di Ateneo di Bologna","","","","",""
"vetrina_3_alto_s_4","","","5","Nidi di pendolino\n Penduline tit nests","","","Specimen","","Specimen","nido [nest]; pendolino [penduline tit]","","Nidi di pendolino","Penduline nests","","","","","","","","","","","","","","","Sistema Museale di Ateneo di Bologna","","","","",""
"vetrina_3_alto_s_5","","","5","Nido indet. dal Brasile\n Unknown nest from Brazil","","","Specimen","","Specimen","nido [nest]; pendolino [penduline tit]","","Nido indet. dal Brasile","Unknown nest from Brazil","","","","","","","","","","","","","","","Sistema Museale di Ateneo di Bologna","","","","",""
"vetrina_3_basso","","","5","Preparati di terre e terre sigillate\n Soil samples","","","Specimen","","Specimen","terra [earth]","","Preparati di terre e terre sigillate","Soil samples","","","","","","","","","","","","","","","Sistema Museale di Ateneo di Bologna","","","","",""
"vetrina_4_alto_n_1","","","5","Conoclypeus conoideus (Leske, 1778)","","","Specimen","","Specimen","riccio di mare [sea urchin]","","Conoclypeus conoideus (Leske, 1778)","Cone shell mollusk (Leske, 1778)","","Nathanael Gottfried Leske (viaf:5359394)","","","","","","","","","","","","","Sistema Museale di Ateneo di Bologna","","","","",""
"vetrina_4_alto_n_10","","","5","Scutellina nummularia (Agassiz, 1841)","","","Specimen","","Specimen","","","Scutellina nummularia (Agassiz, 1841)","Eyelash fungus (Agassiz, 1841)","","Louis Agassiz (viaf:14832040)","","","","","","","","","","","","","Sistema Museale di Ateneo di Bologna","","","","",""
"vetrina_4_alto_n_11","","","5","Glypticus hieroglyphicus (Goldfuss, 1829)","","","Specimen","","Specimen","","","Glypticus hieroglyphicus (Goldfuss, 1829)","Glypticus hieroglyphicus (Goldfuss, 1829)","","Georg August Goldfuss (viaf:44642581)","","","","","","","","","","","","","Sistema Museale di Ateneo di Bologna","","","","",""
"vetrina_4_alto_n_2","","","5","Dollaro di mare\n Sand dollar","","","Specimen","","Specimen","riccio di mare [sea urchin]","","Dollaro di mare","Sand dollar","","","","","","","","","","","","","","","Sistema Museale di Ateneo di Bologna","","","","",""
"vetrina_4_alto_n_3","","","5","Clypeaster marginatus (Lamark, 1816)","","","Specimen","","Specimen","","","Clypeaster marginatus (Lamark, 1816)","Green sea urchin (Lamark, 1816)","","Jean-Baptiste-Pierre-Antoine De Monet De Lamarck (viaf:41849820)","","","","","","","","","","","","","Sistema Museale di Ateneo di Bologna","","","","",""
"vetrina_4_alto_n_4","","","5","Mazettia pareti (Manzoni, 1879)","","","Specimen","","Specimen","","","Mazettia pareti (Manzoni, 1879)","Mazettia pareti (Manzoni, 1879)","","Angelo Manzoni (viaf:89245820)","","","","","","","","","","","","","Sistema Museale di Ateneo di Bologna","","","","",""
"vetrina_4_alto_n_5","","","5","Discoidea sp.","","","Specimen","","Specimen","","","Discoidea sp.","Species within the superfamily Discoidea","","","","","","","","","","","","","","","Sistema Museale di Ateneo di Bologna","","","","",""
"vetrina_4_alto_n_6","","","5","Macropneustes sp.","","","Specimen","","Specimen","","","Macropneustes sp.","Species within the genus Macropneustes","","","","","","","","","","","","","","","Sistema Museale di Ateneo di Bologna","","","","",""
"vetrina_4_alto_n_7","","","5","Stirechinus sp.","","","Specimen","","Specimen","","","Stirechinus sp.","Species within the genus Stirechinus","","","","","","","","","","","","","","","Sistema Museale di Ateneo di Bologna","","","","",""
"vetrina_4_alto_n_8","","","5","Spine di echinoidi\n Echinoid spines","","","Specimen","","Specimen","","","Spine di echinoidi","Echinoid spines","","","","","","","","","","","","","","","Sistema Museale di Ateneo di Bologna","","","","",""
"vetrina_4_alto_n_9","","","5","Echinoide indet.\n Undetermined echinoid","","","Specimen","","Specimen","","","Echinoide indet.","Undetermined echinoid","","","","","","","","","","","","","","","Sistema Museale di Ateneo di Bologna","","","","",""
"vetrina_4_alto_s_1","","","5","Calcare a coralli lavorati\n Polished coral limestone","","","Specimen","","Specimen","coralli [corals]","","Calcare a coralli lavorati","Polished coral limestone","","","","","","","","","","","","","","","Sistema Museale di Ateneo di Bologna","","","","",""
"vetrina_4_alto_s_10","","","5","Productus geinitzianus (De Koninck, 1847)","","","Specimen","","Specimen","","","Productus geinitzianus (De Koninck, 1847)","Productus geinitzianus (De Koninck, 1847)","","Laurent Guillaume Koninck (viaf:2561407)","","","","","","","","","","","","","Sistema Museale di Ateneo di Bologna","","","","",""
"vetrina_4_alto_s_11","","","5","Stephanoceras bayleanus (Foresti, 1887)","","","Specimen","","Specimen","","","Stephanoceras bayleanus (Foresti, 1887)","Bayle's stephanoceras (Foresti, 1887)","","Ludovico Foresti","","","","","","","","","","","","","Sistema Museale di Ateneo di Bologna","","","","",""
"vetrina_4_alto_s_12","","","5","Tellina planata (Linnaeus, 1758)","","","Specimen","","Specimen","","","Tellina planata (Linnaeus, 1758)","Smooth tellin (Linnaeus, 1758)","","Carl Von Linné (viaf:34594730)","","","","","","","","","","","","","Sistema Museale di Ateneo di Bologna","","","","",""
"vetrina_4_alto_s_13","","","5","Glossus humanus (Linnaeus, 1758)","","","Specimen","","Specimen","","","Glossus humanus (Linnaeus, 1758)","Oxheart clam (Linnaeus, 1758)","","Carl Von Linné (viaf:34594730)","","","","","","","","","","","","","Sistema Museale di Ateneo di Bologna","","","","",""
"vetrina_4_alto_s_2","","","5","Coralli\n Corals","","","Specimen","","Specimen","coralli [corals]","","Coralli","Corals","","","","","","","","","","","","","","","Sistema Museale di Ateneo di Bologna","","","","",""
"vetrina_4_alto_s_3","","","5","Lumachella a helicidi\n Helicidi limestone","","","Specimen","","Specimen","lumaca [snail]","","Lumachella a helicidi","Helicidi limestone","","","","","","","","","","","","","","","Sistema Museale di Ateneo di Bologna","","","","",""
"vetrina_4_alto_s_4","","","5","Calcare a lumachella\n Lumachella limestone","","","Specimen","","Specimen","lumaca [snail]","","Calcare a lumachella","Lumachella limestone","","","","","","","","","","","","","","","Sistema Museale di Ateneo di Bologna","","","","",""
"vetrina_4_alto_s_5","","","5","Dentalium elephantinum (Linnaeus, 1758)","","","Specimen","","Specimen","","","Dentalium elephantinum (Linnaeus, 1758)","Elephant tusk shell (Linnaeus, 1758)","","Carl Von Linné (viaf:34594730)","","","","","","","","","","","","","Sistema Museale di Ateneo di Bologna","","","","",""
"vetrina_4_alto_s_6","","","5","Glycymeris glycymeris (Linnaeus, 1758)","","","Specimen","","Specimen","","","Glycymeris glycymeris (Linnaeus, 1758)","European bittersweet (Linnaeus, 1758)","","Carl Von Linné (viaf:34594730)","","","","","","","","","","","","","Sistema Museale di Ateneo di Bologna","","","","",""
"vetrina_4_alto_s_7","","","5","Bivalvi indet.\n Undetermined bivalves","","","Specimen","","Specimen","","","Bivalvi indet.","Undetermined bivalves","","","","","","","","","","","","","","","Sistema Museale di Ateneo di Bologna","","","","",""
"vetrina_4_alto_s_8","","","5","Lytoceras sp.","","","Specimen","","Specimen","","","Lytoceras sp.","Species within the genus Lytoceras","","","","","","","","","","","","","","","Sistema Museale di Ateneo di Bologna","","","","",""
"vetrina_4_alto_s_9","","","5","Megalodon sp.","","","Specimen","","Specimen","","","Megalodon sp.","Species within the genus Megalodon","","","","","","","","","","","","","","","Sistema Museale di Ateneo di Bologna","","","","",""
"vetrina_4_basso","","","5","Campioni di rocce levigate\n Polished rock samples","","","Specimen","","Specimen","","","Campioni di rocce levigate","Polished rock samples","","","","","","","","","","","","","","","Sistema Museale di Ateneo di Bologna","","","","",""
"vetrina_5_alto_n","","","5","Botroidi, concrezioni arenacee la cui forma richiama oggetti, animali, o vegetali\n The botroids are sandstone concrections, their shape reminds of objects, animals and vegetables\n Rio delle Meraviglie (Bologna)","","","Specimen","","Specimen","botroidi [botryoids]","","Botroidi","Botroids","","","","","","","","","","","","","","","Sistema Museale di Ateneo di Bologna","","","","",""
"vetrina_5_alto_n_t","vetrina_5_alto_n","Rappresenta","5","Tavoletta con botroidi","","","Calco","","Calco","botroidi [botryoids]","","Tavoletta con botroidi","Botroids tablet","","","","","","","","","","","","","","","Sistema Museale di Ateneo di Bologna","","","","",""
"vetrina_5_alto_s_1","","","5","Melopoponites","","","Specimen","","Specimen","botroidi [botryoids]","","Melopoponites","Yellow melon","","","","","","","","","","","","","","","Sistema Museale di Ateneo di Bologna","","","","",""
"vetrina_5_alto_s_2","","","5","Triorchites","","","Specimen","","Specimen","botroidi [botryoids]","","Triorchites","Triorchites","","","","","","","","","","","","","","","Sistema Museale di Ateneo di Bologna","","","","",""
"vetrina_5_alto_s_2_t","vetrina_5_alto_s_2","Rappresenta","5","Tavoletta con botroidi","","","Calco","","Calco","botroidi [botryoids]","","Tavoletta con botroidi","Botroids tablet","","","","","","","","","","","","","","","Sistema Museale di Ateneo di Bologna","","","","",""
"vetrina_5_basso","","","5","Botroidi, concrezioni arenacee la cui forma richiama oggetti, animali, o vegetali\n The botroids are sandstone concrections, their shape reminds of objects, animals and vegetables\n Rio delle Meraviglie (Bologna)","","","Specimen","","Specimen","botroidi [botryoids]","","Botroidi","Botroids","","","","","","","","","","","","","","","Sistema Museale di Ateneo di Bologna","","","","",""
"vetrina_5_basso_t","vetrina_5_basso","Rappresenta","5","Tavoletta con botroide","","","Calco","","Calco","botroidi [botryoids]","","Tavoletta con botroide","Botroid tablet","","","","","","","","","","","","","","","Sistema Museale di Ateneo di Bologna","","","","",""
"vetrina_6_alto_n_1","","","5","Bufo sp., Rospo\n True toad","","","Specimen","","Specimen","rospo [toad]","","Rospo (Bufo sp.)","True toad (within the genus Bufo)","","","","","","","","","","","","","","","Sistema Museale di Ateneo di Bologna","","","","",""
"vetrina_6_alto_n_1_t","vetrina_6_alto_n_1","Rappresenta","5","Tavoletta con bufo","","","Calco","","Calco","rospo [toad]","","Tavoletta con bufo","True toad tablet","","","","","","","","","","","","","","","Sistema Museale di Ateneo di Bologna","","","","",""
"vetrina_6_alto_n_2","","","5","Cordylus sp., lucertola\n Girdled lizards","","","Specimen","","Specimen","lucertola [lizard]","","Lucertola (Cordylus sp.)","Girdled lizards (within the genus Cordylus)","","","","","","","","","","","","","","","Sistema Museale di Ateneo di Bologna","","","","",""
"vetrina_6_alto_n_2_t","vetrina_6_alto_n_2","Rappresenta","5","Tavoletta con lucertola","","","Calco","","Calco","lucertola [lizard]","","Tavoletta con lucertola","Lizard tablet","","","","","","","","","","","","","","","Sistema Museale di Ateneo di Bologna","","","","",""
"vetrina_6_alto_s_1","","","5","Chamaeleo chamaeleon (Linnaeus, 1758), Camaleonte europeo\n European cameleon","","","Specimen","","Specimen","camaleonte [chameleon]","","Chamaeleo chamaeleon (Linnaeus, 1758)","European cameleon (Linnaeus, 1758)","","Carl Von Linné (viaf:34594730)","","","","","","","","","","","","","Sistema Museale di Ateneo di Bologna","","","","",""
"vetrina_6_alto_s_2","","","5","Scincus sp., scinco, o pesce delle sabbie\n Sandfish","","","Specimen","","Specimen","pesce [fish]","","Pesce delle sabbie (Scincus sp.)","Sandfish (within the genus Scincus)","","","","","","","","","","","","","","","Sistema Museale di Ateneo di Bologna","","","","",""
"vetrina_6_alto_s_2_t","vetrina_6_alto_s_2","","5","Tavoletta con pesce","","","Artefatto","","Artefatto","pesce [fish]","","Tavoletta con pesce","Fish tablet","","","","","","","","","","","","","","","Sistema Museale di Ateneo di Bologna","","","","",""
"vetrina_6_alto_s_3","","","5","Draco sp., drago volante\n Lined flying dragon","","","Specimen","","Specimen","drago [dragon]","","Drago volante (Draco sp.)","Lined flying dragon (within the genus Draco)","","","","","","","","","","","","","","","Sistema Museale di Ateneo di Bologna","","","","",""
"vetrina_6_basso_1","","","5","Preparati zoologici, scapola di balena\n Zoological samples, whale shoulder blade","","","Specimen","","Specimen","balena [whale]","","Preparati zoologici, scapola di balena","Zoological samples, whale shoulder blade","","","","","","","","","","","","","","","Sistema Museale di Ateneo di Bologna","","","","",""
"vetrina_6_basso_2","","","5","Preparati zoologici, scheletro di delfino\n Zoological samples, incomplete dolphin skeleton","","","Specimen","","Specimen","delfino [dolphin]","","Preparati zoologici, scheletro di delfino","Zoological samples, incomplete dolphin skeleton","","","","","","","","","","","","","","","Sistema Museale di Ateneo di Bologna","","","","",""
"vetrina_6_basso_2_t","vetrina_6_basso_2","Rappresenta","5","Tavoletta con delfino","","","Artefatto","","Artefatto","delfino [dolphin]","","Tavoletta con delfino","Dolphin tablet","","","","","","","","","","","","","","","Sistema Museale di Ateneo di Bologna","","","","",""
"vetrina_7_alto_n_1","","","5","Peristedion cataphractum (Linnaeus, 1758), Pesci forca\n Gurnards","","","Specimen","","Specimen","pesce [fish]","","Peristedion cataphractum (Linnaeus, 1758)","Gurnards (Linnaeus, 1758)","","Carl Von Linné (viaf:34594730)","","","","","","","","","","","","","Sistema Museale di Ateneo di Bologna","","","","",""
"vetrina_7_alto_n_1_t","vetrina_7_alto_n_1","Rappresenta","5","Tavoletta con pesce forca","","","Artefatto","","Artefatto","pesce [fish]","","Tavoletta con pesce forca","Seal tablet","","","","","","","","","","","","","","","Sistema Museale di Ateneo di Bologna","","","","",""
"vetrina_7_alto_n_2","","","5","Lactoria cornuta (Linnaeus, 1758), Pesci scatola\n Horned boxfish","","","Specimen","","Specimen","pesce [fish]","","Lactoria cornuta (Linnaeus, 1758)","Horned boxfish (Linnaeus, 1758)","","Carl Von Linné (viaf:34594730)","","","","","","","","","","","","","Sistema Museale di Ateneo di Bologna","","","","",""
"vetrina_7_alto_s_1","","","5","Xiphias sp., pesci spada\n Swordfish","","","Specimen","","Specimen","pesce spada [swordfish]","","Pesci spada (Xiphias sp.)","Swordfish (within the genus Xiphias)","","","","","","","","","","","","","","","Sistema Museale di Ateneo di Bologna","","","","",""
"vetrina_7_alto_s_1_t","vetrina_7_alto_s_1","Rappresenta","5","Tavoletta con pesce spada","","","Artefatto","","Artefatto","pesce spada [swordfish]","","Tavoletta con pesce spada","Swordfish tablet","","","","","","","","","","","","","","","Sistema Museale di Ateneo di Bologna","","","","",""
"vetrina_7_alto_s_2","","","5","Agonus cataphractus (Linnaeus, 1758), Sorcio di mare\n Hooknose","","","Specimen","","Specimen","sorcio di mare [sea mouse]","","Agonus cataphractus (Linnaeus, 1758)","Hooknose (Linnaeus, 1758)","","Carl Von Linné (viaf:34594730)","","","","","","","","","","","","","Sistema Museale di Ateneo di Bologna","","","","",""
"vetrina_7_alto_s_3","","","5","Dactylopterus volitans (Linnaeus, 1758), Pesce volante\n Flying fish","","","Specimen","","Specimen","pesce volante [flying fish]","","Dactylopterus volitans (Linnaeus, 1758)","Flying fish (Linnaeus, 1758)","","Carl Von Linné (viaf:34594730)","","","","","","","","","","","","","Sistema Museale di Ateneo di Bologna","","","","",""
"vetrina_7_alto_s_3_t","vetrina_7_alto_s_3","Rappresenta","5","Tavoletta con pesce volante","","","Artefatto","","Artefatto","pesce volante [flying fish]","","Tavoletta con pesce volante","Flying fish tablet","","","","","","","","","","","","","","","Sistema Museale di Ateneo di Bologna","","","","",""
"vetrina_7_basso","","","5","Preparati zoologici, pesci palla\n Zoological samples, puffers","","","Specimen","","Specimen","pesce palla [pufferfish]","","Preparati zoologici, pesci palla","Zoological samples, puffers","","","","","","","","","","","","","","","Sistema Museale di Ateneo di Bologna","","","","",""
"vetrina_7_basso_t","vetrina_7_basso","Rappresenta","5","Tavoletta con pesce palla irsuto","","","Artefatto","","Artefatto","pesce palla [pufferfish]","","Tavoletta con pesce palla irsuto","Puffer tablet","","","","","","","","","","","","","","","Sistema Museale di Ateneo di Bologna","","","","",""
"vetrina_7_basso_t2","vetrina_7_basso","Rappresenta","5","Tavoletta con pesce palla liscio","","","Artefatto","","Artefatto","pesce palla [pufferfish]","","Tavoletta con pesce palla liscio","Puffer tablet","","","","","","","","","","","","","","","Sistema Museale di Ateneo di Bologna","","","","",""
"vetrina_8_alto_n_1","","","5","Taurulus bubalis (Euphrasen, 1758), scazzone marino\n Long-spined bullhead","","","Specimen","","Specimen","scazzone marino [marine sculpin]","","Taurulus bubalis (Euphrasen, 1758)","Long-spined bullhead (Euphrasen, 1758)","","Bengt Anders Euphrasén (viaf:120776829)","","","","","","","","","","","","","Sistema Museale di Ateneo di Bologna","","","","",""
"vetrina_8_alto_n_2","","","5","Lophius piscatorius (Linnaeus, 1758), Rana pescatrice\n Monkfish","","","Specimen","","Specimen","rana pescatrice [anglerfish]","","Lophius piscatorius (Linnaeus, 1758)","Monkfish (Linnaeus, 1758)","","Carl Von Linné (viaf:34594730)","","","","","","","","","","","","","Sistema Museale di Ateneo di Bologna","","","","",""
"vetrina_8_alto_n_3","","","5","Apparato dentale di pesce cartilagineo (Elasmobranchii)\n Dental apparatus of a cartilaginous fish (Elasmobranchii)","","","Specimen","","Specimen","pesce [fish]","","Apparato dentale di pesce cartilagineo (Elasmobronchii)","Dental apparatus of a cartilaginous fish (Elasmobranchii)","","","","","","","","","","","","","","","Sistema Museale di Ateneo di Bologna","","","","",""
"vetrina_8_alto_n_3_t","vetrina_8_alto_n_3","Rappresenta","5","Tavoletta con bocca vista dall'alto","","","Artefatto","","Artefatto","pesce [fish]","","Tavoletta con bocca vista dall'alto","Mouth tablet","","","","","","","","","","","","","","","Sistema Museale di Ateneo di Bologna","","","","",""
"vetrina_8_alto_n_3_t2","vetrina_8_alto_n_3","Rappresenta","5","Tavoletta con bocca vista lateralmente","","","Artefatto","","Artefatto","pesce [fish]","","Tavoletta con bocca vista lateralmente","Mouth tablet","","","","","","","","","","","","","","","Sistema Museale di Ateneo di Bologna","","","","",""
"vetrina_8_alto_s_1","","","5","Rhinobatos rhinobatos (Linnaeus, 1758), pesce chitarra\n Guitarfish","","","Specimen","","Specimen","pesce chitarra [guitarfish]","","Rhinobatos rhinobatos (Linnaeus, 1758)","Guitarfish (Linnaeus, 1758)","","Carl Von Linné (viaf:34594730)","","","","","","","","","","","","","Sistema Museale di Ateneo di Bologna","","","","",""
"vetrina_8_alto_s_1_t","vetrina_8_alto_s_1","Rappresenta","5","Tavoletta con pesce chitarra","","","Artefatto","","Artefatto","pesce chitarra [guitarfish]","","Tavoletta con pesce chitarra","Guitarfish tablet","","","","","","","","","","","","","","","Sistema Museale di Ateneo di Bologna","","","","",""
"vetrina_8_alto_s_2","","","5","Lamna nasus (Bonnaterre, 1788), smeriglio\n Porbeagle","","","Specimen","","Specimen","smeriglio [porbeagle]","","Lamna nasus (Bonnaterre, 1788)","Porbeagle (Bonnaterre, 1788)","","Pierre-Joseph Bonnaterre (viaf:56729257)","","","","","","","","","","","","","Sistema Museale di Ateneo di Bologna","","","","",""
"vetrina_8_alto_s_2_t","vetrina_8_alto_s_2","Rappresenta","5","Tavoletta con smeriglio","","","Artefatto","","Artefatto","smeriglio [porbeagle]","","Tavoletta con smeriglio","Mackerel tablet","","","","","","","","","","","","","","","Sistema Museale di Ateneo di Bologna","","","","",""
"vetrina_8_alto_s_3","","","5","Lophius piscatorius (Linnaeus, 1758), rana pescatrice\n Monkfish","","","Specimen","","Specimen","rana pescatrice [anglerfish]","","Lophius piscatorius (Linnaeus, 1758)","Monkfish (Linnaeus, 1758)","","Carl Von Linné (viaf:34594730)","","","","","","","","","","","","","Sistema Museale di Ateneo di Bologna","","","","",""
"vetrina_8_alto_s_3_t","vetrina_8_alto_s_3","Rappresenta","5","Tavoletta con rana pescatrice","","","Artefatto","","Artefatto","rana pescatrice [anglerfish]","","Tavoletta con rana pescatrice","Monkfish tablet","","","","","","","","","","","","","","","Sistema Museale di Ateneo di Bologna","","","","",""
"vetrina_8_basso","","","5","Preparati zoologici, pescecane\n Zoological samples, shark","","","Specimen","","Specimen","pesce cane [dogfish]","","Preparati zoologici, pescecane","Zoological samples, shark","","","","","","","","","","","","","","","Sistema Museale di Ateneo di Bologna","","","","",""
"vetrina_8_basso_2","","","5","Preparati zoologici, pesce sega\n Zoological samples, swordfish","","","Specimen","","Specimen","pesce sega [sawfish]","","Preparati zoologici, pesce sega","Zoological samples, swordfish","","","","","","","","","","","","","","","Sistema Museale di Ateneo di Bologna","","","","",""
"vetrina_8_basso_2_t1","vetrina_8_basso_2","Rappresenta","5","Tavoletta con denti di pesce sega","","","Artefatto","","Artefatto","pesce sega [sawfish]","","Tavoletta con pesce sega","Swordfish tablet","","","","","","","","","","","","","","","Sistema Museale di Ateneo di Bologna","","","","",""
"vetrina_8_basso_2_t2","vetrina_8_basso_2","Rappresenta","5","Tavoletta con pesce sega","","","Artefatto","","Artefatto","pesce sega [sawfish]","","Tavoletta con pesce sega","Swordfish tablet","","","","","","","","","","","","","","","Sistema Museale di Ateneo di Bologna","","","","",""
"vetrina_8_basso_2_t3","vetrina_8_basso_2","Rappresenta","5","Tavoletta con pesce martello","","","Artefatto","","Artefatto","squalo martello [hammerhead shark]","","Tavoletta con squalo martello","Hammerhead shark tablet","","","","","","","","","","","","","","","Sistema Museale di Ateneo di Bologna","","","","",""
"vetrina_8_basso_3","","","5","Preparati zoologici, squalo martello\n Zoological samples, hammerhead shark","","","Specimen","","Specimen","squalo martello [hammerhead shark]","","Preparati zoologici, squalo martello","Zoological samples, hammerhead shark","","","","","","","","","","","","","","","Sistema Museale di Ateneo di Bologna","","","","",""
